"pubkey","votekey","dz_fee_lamports"
"12i8gndWWWMTRzJBFhnYkobNgZB3XMUUJq75HeUrshrk","Cw2b2ng2fa78ndCXHcJMT1pqvdGxUHu5EBEB8KBshrk",18286473
"13DmVBcyrSdsSsLWaKH9x1dwxDf48Wu5wprwxMmLshrk","GLB3jUr5zuu79zFuEH3KP7boxtWsjHVyYRBK2SPshrk",56192423
"1KXvrkPXwkGF6NK1zyzVuJqbXfpenPVPP6hoiK9bsK3","1KXz4xKV2viJCGpxqnQqdf2J45vQr5USdmtcJLTaHkm",217649039
"1Link6hB1NpkCwJt3ZtpQKZszKauhEcKgiWjaU8PRDG","1LinkCP4qUqGvUiNuAWhAxQyopdBxsh4vhfLBb4apyR",7259730
"1i1yPyh843bTfi5qPgqozTbDcEX65rUNEFcUT2KAs2i","1i1yax3thZfiV8id5HTA61bjsxEi4pbjmhXsqy6JePP",125902398
"23SUe5fzmLws1M58AnGnvnUBRUKJmzCpnFQwv4M4b9Er","4PsiLMyoUQ7QRn1FFiFCvej4hsUTFzfvJnyN4bj1tmSN",178389512
"2AKKnirWVZMhnzuwqpizw9SwfZjGpRFLx2zCCNtPWpbc","CHiaohVV2SQCFhiYP73iQzWT6HxnZqnAZJJqAYTeLAo",120219814
"2Eq6YD8P8QXTeoz9h6JHjgZ55t8RSxNdx4waMDCoPmQU","C8MLmDCg3LReWoNCkFdHgsscFpHx2WdtcU9ZziNfXrhd",27622989
"2N7v8pDKDYhtBUJBQUgxvysUjgM9s4ULPCmeEiPWTf6Z","F3scMRjzSvXUa7JoK2uwBjNsYGi5sM84sDzE7FfGBo6o",57142646
"2NeqnzhgQBUEyMdWyVAXJjCYA3E2UTYXVdqutSQ27h17","CRank3fb5Nbi7AHEPCZyNQookwAzHZfsgwgRU7DEA1GS",0
"2P9ZYA4vBoBBr56hrEFTmrd5ctuz3r7wtvRYmbgk6jRL","FGtsnE1HB4bBi6g4xAt5mvWtuC3qBPWPBgWVrnRmUiVH",49447356
"2UBhtRuyr9nvWsUnrbWrvJiYWEU8TVBD4PLYQJKiRa9H","Luna8BkZNpZ9DKmszrZYPvFpTr4eJJfxxTnGDwTrYkv",27823294
"2Ue9zGmDnvYRrJNEjuAdNkbbickw6fKWtbeNM7T2rakg","6559KMdiUseNSAkRcK9WcFcNTppoj6jWtKVedpMkBYCn",37933410
"2XmhZKHmfjku3T3nC9xKhgr5bm1CAmWXqNsNt49mo82C","Ebm1XKkMzaFg2L5rzLPBnFHMtpDPa6SWJ7nVUzZUmXmR",126506863
"2gDeeRa3mwPPtw1CMWPkEhRWo9v5izNBBfEXanr8uibX","3Xn3K5zeTzs4sURj1PCRaF6rvFg2hPgT49B4SiM998f7",184710556
"2iXZmNQmmgE5ZeTQ1GMhhYGDqDr2BiqdEu3DbGJDo8MA","2ViVhbfV3uJb5xVBBBs4HZaoMK1M2WhHJB1sRDnp8R4o",38217539
"2nhGaJvR17TeytzJVajPfABHQcAwinKoCG8F69gRdQot","mNyQrNRYAuL2CwNCGmCsmwj9EcG88Sf8hs5rCirZaUr",69496813
"2t53LvZfskcpXkdwLaBnfZLbNgyVHPu2BNFpcRBaEBhM","Gvt8s5Bwnhg4G27VbnT1Zkfh7Jsztq6CNvZcc5anPonS",98228502
"2uxEHizFmmnLekKG2LZJwxNabhpymEYfdVCpgDxjt87m","Dcoj98wWiKhA4iqxcSg7NtuR2miA7tZqtycMdkPo8XDw",159367288
"2zykwzzo1pd3H2oSj5j5SRLTvmpa9Nr2S2Bh8tTVd5Tq","Hmq1oALENff8DejgYhJxB4njb6pyCtuMKKxotdZicB4n",170392585
"3ARtLeVB83RoGAwRot8dh74pc2uqbPi6JwbkwDzqk91m","T2B5S9sTJCRi9mcpCbHi2rAdqfT3Y7tsm6ahnWhvH75",105828730
"3DaPk6TdeGnEBwTR8fEyZSLkdayk6vZXrqGZhAgYK8BV","2ZiMfQaT59j86HVWCvspuMtBotnVBeTc3BKk3kKpwgKP",127331760
"3Pfubj3ytkRxFAGwFb5vtacuZJUxko5Du39xie9MBXuC","94EhHE7MaKHq4p8oFADeyizDjwYwgFn1YBYGky8mR35z",71889761
"3RXKQBRv7xKTQeNdLSPhCiD4QcUfxEQ12rtgUkMf5LnS","BxFf75Vtzro2Hy3coFHKxFMZo5au8W7J8BmLC3gCMotU",202309497
"3Uwkpd9ZKxhuTDWKuiFbJee9Z1ZJPxpkin9476Bwc7Ha","4u1Wi5yANaD9ABmi8xpdUYGLQSFxghX1D6LfgzdzrhdG",122184137
"3ddX9QcC6DjFqPTysrFWtR48v5g3wJjB862sji4s5Tui","5ykxx3TJTfvkeV71NkJSMTdGMfTm6oV5vVA8bPkv59mw",41837234
"3j1dv2SP3xtG5vcqiqTSpc9C3h4wQnnzh3aqBcx6fU7h","3wnR7phx1zh7dDyRU3MJEGqrvTRZDxH44SykRsenKSbd",48763751
"3s97yjq2MhoPVPC3U9VeE3Z5S643Pweovg88ysvrQPw5","D3QPJm7BDzzPeRG51YZSEz3LfV7GvFNu9NkcibzURxuj",232411551
"3tm92VTxwyZ5MDhGoYR4tVTkwWYkzfam6hwBjauUACCk","4m1PbxzwLdUnEwog3T9UKxgjktgriHgE1CfAhMqDw7Xx",196833459
"3x9nibnhgBHWKMRiGnsXJELRBjviQpKyigfrXtKW27KJ","5afRnmkFn1pRU9oussqwk1RRBVyoDgUkL16Jz4qNf574",32461294
"43Am3PKFeo9cACpqYL5Sk95rpVdxLw3Mc22PqRqZXEW2","EBVj3uwSKZpqEb1K267JaPxDQhULVqCy6hYeQqjsPh81",172452276
"44ZDKo96gQR1h2afAA3oXgutUzHcRXH72RYxhtGxzWYk","FsMucSM7B5y5PtehabtQJjDrGmKcMEtwvt1TpSjDrcZW",94497040
"451X5rboJpJtXK2gj4dLsXv8yCGfujqus2HsYjMkkSpE","FqERCVEHjm9P9hghJwWbyN4TqwCCAYteeX1v6gBtt88p",21237614
"49j9bnkdgVNxLwsZ9h88sPR5MYEmsUyKrrJ6ZW8ijBrb","9QFvZhLvpbcFJTPkKq5wTWR2DGTXqrsP8z9igPgjSsZ1",75925293
"4CymATQ8a9qJUmCh5ygNFCePNQVgiKGkobvki5i45BiB","6VSu1wCkeugWdSB3ZgCCFSAttu5XTuSWVRD1vJVPVQXq",100848761
"4FpN4MBzrB8FUyzNKSxxXzSDWqV7o4HotaypJ8tF4tYg","Dxy5rr77bH8j34QupCLj6hMGb5UahYhhYfC8RE3jse4p",0
"4JTfCRjd6SzZdoKqdvStHvaKHBYCe9iENAnG4iDTrGW2","46Acpa1Md9k2Nxkr7Xp7eDRbzNt4AGXPGyzZ4fnJ7z8y",204626192
"4RLcStbSkt5S1Xm4mStup6N13PGyAfAWy7Vs5d7yJRnY","5ML8GpaqaZ3bv4nCKLRY8gb2WNMJkXinHwDwMWeNWjkk",98310678
"4SgoyAwN26iu9Gpf12Bk1rnzp4G4yDUM3XVv4w7VQcAf","sdo2QoiSsPknraeCts5GeBkV3AYDdtuxJ3VpYCS1CxR",110282784
"4VrjyXQT61WFSjuG3ehgqZUK1jqvYqB46veQbXLotq3n","FahWJg2PkphJaMUUCzdYhXkD5NngUuuFRFD3YCE3BSwb",80667031
"4W3jdXyqhLCjzA3Liu8ZNjViwrc6N9YjSB7obbxfjcKE","3hhEWRNAVzqRjmF9hW5nYkrmDMxKKzGziE11Sg7yk3iX",3157349
"4XspXDcJy3DWZsVdaXrt8pE1xhcLpXDKkhj9XyjmWWNy","9sWYTuuR4s12Q4SuSfo5CfWaFggQwA6Z8pf8dWowN5rk",258128988
"4YGgmwyqztpJeAi3pzHQ4Gf9cWrMHCjZaWeWoCK6zz6X","8jxSHbS4qAnh5yueFp4D9ABXubKqMwXqF3HtdzQGuphp",3862757
"4aRPyjsqqFsf5488a9QAaHJLQJMGwoL5P6wRtLmroe2d","8EVaZkBcoJAAyyRZfozNAnZiEopgPvnixx5Ja5PpVDae",123643099
"4b1onMDEasBh4BuPekQWijx3BYR64hAE1z2jJyeZUkck","6anBvYWGwkkZPAaPF6BmzF6LUPfP2HFVhQUAWckKH9LZ",786517381
"4guS5XP2wgDWecZGgvN5UQmV8iywTrKGaA7kv9hj3tk7","BgjQPDdsHeD9XXs7pYyHsmvKdkLR1A4SBNYs3mLmPUCD",109914868
"4k6wgP5WPBKQpsFGtzuXNrjcTE2fKWLj17nDvFeG5zSF","8zuMRTXThoPTTPLLvaiKiJshLLCqGMt9BdRjjCL19xBc",310823962
"4mzLWNgBX67zVwTykNnq96Z6KQLc8UyV5Q35EfVCDifC","8inoRcYLtHdDL1qHWvGph7pkJKuJdrE2kNkFpjcYaYHf",34342398
"4uH4G6YiD5G8rU3mtPg73C2Uqamrqedy3FboTZcZrh6x","EJHf5N9is5spAF5Kz384tTvTV3CwTka6qzUoZrYm53SV",208560767
"4vXCtYfPeracuQg3a67Zx4jvtJco6MU3LKip8ax6GkVq","EPrq1DvsWqX9CHBKgMU7gxvNvPbqRLhbqz2QzHcPFzab",59462880
"5HYjArGt81naevDdwMaEx8yeGNw9jYBSDJa8YavT9Mp4","4ibf8qJirtoBGg7gSD7V7CeCKoFB96PBYQ3J5QjSmAob",188116384
"5LNEDitSMhApT2uFnmtN7FmjCiGuatpnb2uU4f3shrk","ksQuu3JAStVXUeDCHeW6QtVRHNMcdtgPyepUd3Yshrk",9417004
"5N8rWeZbNWLJDYTohNfpH4JAXiPhnicVYKrucW1shrk","MWogB4b5RamyKE4mur8a8iRy63gZqyDfDF7ebDdshrk",26032659
"5N9r2ne7dPgHtzeHC5ETJ3DAueKQiXSU8KAmEZrrojT7","H7fXvnLCKtZqJBTipxeseabGfAZUdHJ9XuP6hCKrbvUb",0
"5XKJwdKB2Hs7pkEXzifAysjSk6q7Rt6k5KfHwmAMPtoQ","GMpKrAwQ9oa4sJqEYQezLr8Z2TUAU72tXD4iMyfoJjbh",226474664
"5aD6KB8g4MPt3xJafmMmun86hHMDnoFiGbd5gYiMFZw7","QWmexgr4teHa2ZF85tyf2hvEwBvJ6ioAEr1h8DRjoie",198546864
"5ghoFEVrsXeAPB6SUmBpZ2xq3KvHEjNMeSaBnxEBXkHV","J6KaKtLRj7eQGuVVL2CAz1AS9kDxsrmej9QbYkEtsiAD",0
"5marvipGzf98hxnoJFXsZbGHSXcEQ3yRGJ4ps7D3V4ou","i6PZjkPHGYmPfPE8LsJuLn5huZyusXhmysiDiHGPjxb",104802252
"5t4shVsKnUqgjmhK3fFNsvyju2E6Rd7cc4S5pmqqEVEW","sT34kbaqmHWbPwjhyeG1GnjoX82KpXawFsnzUkzJpYX",8921652
"5ysfTZ42VT1TjnjzQShZSrix7wdVtjXwssocSeYKDs5d","ExYX8UKQTCf2VPtV9jbfqikeTV6tPfhzauJ896o91wtj",56661633
"5zm9g3zgAPWzX3wmUB2JtTkcwCqe74NWsTmt5wLFwCKK","4udPrmxccbP1NwDJ6vChFKs5qcqyjmQff6gsKXD1mdaj",269784476
"5zuNci3TV79w6zLoJZzbZujMvkVZb2FcSPhgv9aT24AK","76DafWkJ6pGK2hoD41HjrM4xTBhfKqrDYDazv13n5ir1",167091280
"61QB1Evn9E3noQtpJm4auFYyHSXS5FPgqKtPgwJJfEQk","5iZ5PQPy5Z9XDnkfoWPi6nvUgtxWnRFwZ36WaftPuaVM",108093152
"67joanjyAoVmb9nZLyX8p3Gx9tAxzXaUgHDe3kaUH4wf","9vNLTLdwAdHw8EdiZrLzDtUpm3hp7E2MGaNi6SmdfBGz",35737818
"6LCpzSkg3Ud1SpCnsYtmByWiiW6tcjSPNmJQmFGQcwaL","MENFRm8PpkP2QwFV3iubwiqG6GyJ4LZQ7f9k8DUE9Xy",948782
"6MiEjXqYksCtKnJpvAp3CAoEZnnWZyoSxu41HCzAYNdc","GAoCBDE9ABRYmhWUREDp4po4L8JgCPeQsPS77p1mx3WR",0
"6NDen7aDi65apHo8m1Vea4nuS6LyjQeM6pDNqcW4Q5Pg","6cvBCfFXugkTqgSFVPvzhoWaLbhHWvZfSsZadWP5rryR",74232500
"6PvHaibtZhuba14dzbhGFJRASYX3Ka2oviRzSbXV2wYC","HM5H6FAYWEMcm9PCXFbbiUFfFVLTN9UGy9AqmMQjdMRA",257027805
"6WgdYhhGE53WrZ7ywJA15hBVkw7CRbQ8yDBBTwmBtAHN","6aow5rTURdbhbeMDrFrbP2GR5vZjMEhktEy87iH1VGPs",1016601398
"6YDWxPaJWpZxJ6JLGaBeTJaGQn3gi3Pwtivii9cDyDHo","EdkhvJYa3kWQkFJAPzmGsQyi1D2JA5a7vwWw4hDuwbt",92750328
"6dtVKjb6vRwNAekki2FXhKv8WTNzQ3xW6HWMCNWqtoDy","eondcw2upjH14EuvBzmn6HfGEGo8t9hG9JbXtPj6cym",41910892
"6k1YkmTKwPRUhChnxA9ryJmbtuQMbro4xFTL6mL9jycB","91413b9eEvG6UofpSgwdUgH9Lz4QBF1G3J325Bw7JwGR",114041107
"6mCzwUFcdTuz6fFJRA8nY1iXNRJqPpXU1PvCfANfVXhh","2juzdQw3k2udsuA2JfkXk4Aw4psZEAnnk4sBHzwC5ZX7",38045923
"6pVZhUW9AZMMFuNVMUds8useZHB7VFT4vvxuA3B9JgW4","4yk87cJbcWooz3FSScp8aEWVgNium4HR9UbnDUJpvXp2",180886637
"6qwYjs5vCSEKaTMBbHinnW8fvdGj1r8cpzPoAV1EHKsw","Azc2uttGtHsRLorfQzd7tsMNtfaEg7LyvVEMVtckPCNN",109807293
"6xFDLX751L7H9d5fQT9sf2SM5RWWE9LDgqz25pPDbWoJ","5CBkJdDPMWCmss3Y48B36w78Bgxur4mDib6tQ9yMKe1B",102850453
"6xUK9Nbonr4eoJNtHGoUEMmYKoPz5mipKzyDBv6deX4d","8vyuJTHSDkx7k1zymea4TMsgvixf3rCYBXHPDQajePkE",161939225
"73hojLdq1vZDSxeVQEqVFJ4iwLngdvEJPEpEHkSdv6BZ","Ehdn9LdjTAURQSMoDPERXLehtvzy7QD762wwPkzGT7RS",202882411
"7MTjmteQHhthwwTZhUzsc2dP4NBvGNRqj8jzdqNxHFGE","ENVaKoD7ytn58xJ8s5htFfQ8hqQt1G9dcPUDqbSwVcgB",121030383
"7Nn8qBJey7vXtVFMNBbbuN8UkujU8Y6nWzbHVGuf49yV","6SF5cmEXFFEmnFd5BwM4J6NkZhh3WfPkgmqdoAGjLLPX",0
"7Nu9ckgtjobZ3MkbadGFKEvRymYuah9HmcxiUJKMM9NB","DPhzpiNGU9C6576uLsNSHmdi2AxwxpjMsRdh2iVC4TPh",42909190
"7PpXQgDb9eCHN1Uudgi77Wm89cRz4T85YgDw83qvaJXd","B8Jud6Mqv1FSKpjBM2hPBqoPhGMAciX2UqR9WcepDF7F",115191322
"7VZM7YHcX73TpGoXDeBu61g4QKC86GwAEnew8dA7Y2xn","HMk1qny4fvMnajErxjXG5kT89JKV4cx1PKa9zhQBF9ib",206591948
"7hMD4oMmGT4GsS4DfBKzJ75wSjDhgu2pvcazbvoKPrNs","C9pfCHG1zx5fTtmbsFwLG6yFoztyUVXoCmirUcCe2dt7",92945489
"7nzTzRZzezmugqE5ZjHRMxarhXunpwZ2PUdjV7uYzt7A","so1arJJbp9sis5XpovLyjTZPk8bDjfs37Meghi5wXbu",8585505
"88K3vd8E7f2jXBwfNspzAYXKZuS7erF1w2wk3qcHTSfh","EbWmbjxUrq8uifB4gCJLaxv7joYmsXL4qVpX26xYMFBh",23305989
"8GLRbAstsabZuZUx73AoyfGi1FRCWSUhRgMugFyofEz7","7PmWxxiTneGteGxEYvzj5pGDVMQ4nuN9DfUypEXmaA8o",110554202
"8Nvaxzif1NrdvxNkRetjT8xJvd33EHkKVrfL8EDkgaNy","2DNGsVZ9rg6RvT8bY4SGmGvyiVJ4xt9RL3NDd6uhfN46",178632771
"8RXYL85eGMyuUcBCMHt5owGvasySS4FYbmKTx4CqFkpe","AAfutJ61CwSB4Y1t5iBPVRRaq33nCDEot4WxbdQ6Bahn",91413739
"8S1VXBgZvCsjgnRAMvxknx5BKT7APb8rFhyRVeeTx1SS","DggvF7asrbjrqvcvPPRKovy3VVvjCgvc2GnWVusxq2MP",26364473
"8T8AJfUCXwPFwEMmjca8gCRSktPrqbUBVa6ggNyhLhFJ","DPsW8v7gkGUbPPRnraS5e163bDepd9tD537X9S231T2j",146565465
"8Zh5A5Hs6bJFAyWrLGMaF2VEUVbXFANtfuw7824Hd5XV","3P2Fq9v1NwtrVTnwPGj2qVdVwnSvuNovZJWGS7nRvoin",8193805
"8aPHvzVV91jZF948tykkoF6WfgLHppNfG8Z3V4gCrDix","7zKQnt19j7aZ1YjzBk6UUUdr5dGb65A36kW1TYAbB6b7",1818400
"8augxYLUge2iWmitQMwbcBL5VQEpsM6aJdRofhwpnzyw","o27rnqfNHPwHsRp2xPXXwWzn2q2dGxn6UD4Rt5KMU5h",111955272
"8hAYbagNt7CMBooFfqVJhBgLqLffpjXTWJMk8yybjJsN","74y2qkCaJ5L17hTsz3E8jftNxTBCTvdz4P2L6qTHDW59",224057833
"8n9KRHDRDuZErZwdwzhtsTFJxmHqgCQ4ddZcdk6GMzvQ","xSGajeS6niLPNiHGJBuy3nzQVUfyEAQV1yydrg74u4v",7808983
"8uPW9msN75rfaKiwy8y8NxEX5zSk2WejtVv5YhZr3jCo","5daP6pZoPSak6UEKuRg2HHjvTPpqqwB113oNamGNKuuZ",94500046
"8vk6QpG93JSaQCSgnycBsv5qmfQBk4qC9FjNA35E5JhU","2ZP7DPXW6gwMRSY9PSXQ75fZLrk4gKWKnT85pK5sVPa5",299813407
"8yjHdsCgx3bp2zEwGiWSMgwpFaCSzfYAHT1vk7KJBqhN","DPmsofVJ1UMRZADgwYAHotJnazMwohHzRHSoomL6Qcao",167128647
"91oPXTs2oq8VvJpQ5TnvXakFGnnJSpEB6HFWDtSctwMt","Ac1beBKixfNdrTAac7GRaTsJTxLyvgGvJjvy4qQfvyfc",210883130
"93fX4gLgnUkcf3vmGBzuNKEt4em2tHxgmVcbq9vNq4jE","BJipnsRJCxgcMoYc7Env7ee2YASTtwLuyvD23AsJ3E6U",0
"95A3UmKrAmTuNJkjipBULk5wHopiFvLWfxTKmhR6AzQc","Eyy5wPPQQcuaEBQUfDmyHkRfeqfmd4n1xWZKy1CpGQZJ",1820069
"97jbhVBYcSmwGXjrx5PPWXucDsVBqwyoQ6rzP3B6eeMt","57GUg9QH2LFMV11oaduuoqVJ5qHDEp7EGJ2xgkGiqAum",25684986
"9FXD1NXrK6xFU8i4gLAgjj2iMEWTqJhSuQN8tQuDfm2e","2g2QU1NDRax6i2mKzRwgRfdBFoDkMC6bj7Zp5Q3i8sCq",187312241
"9JdZLEKhA7k6SxRQ4cJT2Zh5JhRUBJGXcjTNwMtTwSiz","7r1g7s6UjYuosRCHwedpGRCbJhZqM2LhUPxgoayRE6Rm",75698650
"9QA1fzbAKJicmRoFa9wFnYYx2PGYn97s8Nh6VojBMvCi","EsELtZoep4TYcugKyMnB4ZWZYxn99V5Vb1TwexDzFey",0
"9T6SNsBimjCRJpkEjiVsc8AcxTBa1XVA7RjnBGGfWP23","5cYwwC8dmQ2tvtjDueHrU2B6NvmTHmoimsNGeGXVbkP8",77390514
"9Wmaz9VPpEnH67ZqrvYd9bcH66DtsGaEKcSQE1ac5wkf","3Z1N2Fkfha4ThNiRwN8RnU6U8dkFJ92DH2TFyLWJf8cj",117247681
"9dH6wfdJVgnDcbCUjT8rkmejAzTnGQaFarmLfvBYXANK","GakAanHMN4dYY8rMKL1e6uUKjNJj2nN2sENFaxzdMEBm",102276101
"9gFxqsXbFyrKXUkqpAatonn47uYZ7sEZSnMxhzQoXrUJ","48oxpSHQkM4sdXUY9NQ8KnEtebzZbyk8uUT7JRdVQNuf",159394906
"9maF99FLLAMh5v5JKG1ZyRZVBVsT5VkZnAJzDvduCpJa","HvuXZAhAqSekCFueQ92DqxhuFvdBRrWeyA6uea6ZaS8q",143470789
"9q16BB7WGmBxf1nJTdxH5zPnBUhtHqdqXqRFjSjuM4k7","GK9MfwWEK7BvMS8eQDaiEPnKcqMJoS7SKUiEBQY2pfxC",11242222
"9r2CsyjRTmTRtu8GFk5oJRSQr5YfSENxDkf3eox8iPLa","2iWXwF2Q5W6o7yntV2mkbxncB4rYHnX61y3NU8a8EFMJ",398229142
"A79u1awz7CqnxmNYEVtzWwSzup3eKPNW6w2Jrd56oZ3y","6UDU4Z9TTbYy8gcRKBd7RX3Lm2qMsSR4PMuzoyYPzLma",32573576
"AB821LfpFBwedJEfoNFZRsiPvcSxXPBNMgjyGC7RuNfS","HSjWikZVP8JmNUa1VqZuQuhQzkK4WrBmiJn1VVEtvuZQ",166503877
"ABREU5YkQcfpDZymoQ97iGUgQcfgjctWUUxEMfumiPdV","ABREUtpzkkMiPHrBebpsYDU3mubtSohjDKZbyRoTJLae",18115589
"ADjyeNzWd8yhEjCVyAqT87eqoyGRbimERQsNhFQcXjop","26RGqX3mezgYDxJnGh94gnMM4L2k9grH1eWcTSCHnaxR",97005892
"ALp2GdA1eJV8vZHMHazCtTxNXe3BLUSco9LDASgjDs8R","4tuMshQNpAFpy1YtEHnSsE5EPN1mAT8FevWvn2UPJHNM",231415452
"ASTERhckBQwAM82EQm2S2ivVcQ9mHQHZQs5u4BHMv6JH","AsteRZiiAA8uDXGszREgCMgKTddmAb59XGGHsELfNDVi",2127513
"AWqkGtq9rgpMDc7pTKe62aJuaX8ZvrnZxCpr8nfpDSCK","4VvZyjDj3KNYNbjzgaG5GxX4xeLhcFV6fA6BDPf6dLy4",81026627
"AdSHK6vpQnwHRSw7jXUwjMEytmhFwnynZSENhvpAxL1y","9NZ18GkTnXZug6eXAzpBsmyCsYfAJ7mL9bgUfSJDSAKr",58183893
"AfZTWYoFQbzqCMmUBTD7XwxFvjob1FVyCvkaXRryxtKc","86Sw9R6ynPmXnHfwUWinXtq1QoF2KHesfQQyZG5r8sXo",261501401
"Aho3hF8mqLmadyJdUFpoGidyo3fYAt3ALm2QpAo8wMX","9FNVvTw3kPyb3239RKakAXUfkmZzi5TDnH4hdwksRBig",72952731
"AhyLPwqeE8zg7fyFjuufH8k7Kq4kNS2eARRq5EKNGRcT","Hm2uPQbdNCRjiwSJnA9edrMVC2PBUPa6qBWfC12RHx1B",105096594
"AjGby82yXeYgj3kmng9y3c4nQpZFmiPpJKecLJTHbfbP","6D9w8FRw5EFr5qtZEphPpughN3W8zc8p6zMXg4PFuaXL",12993310
"ArMBx6veRq33ffEP9sxHafiPRgrtzww4XvbwZbSMfXiM","GW8GgoeBpLM4TpeR2ePVcYYSoySBaKJgt2JiwoyjXRz3",163146932
"AsMpvJ3DZ2Ydu1WTRMAyMH4QjSLiUG39rKzfzvtE1bWr","B1w6SZcyvjyp6zEyStcc8u9AxXAh2AbYvNzMmP9rRKE9",58560161
"Av8EnYrPBnSJHK5e2wmTdnCpSy7nzmBgyFaUKSyLnBfe","3QPGLackJy5LKctYYoPGmA4P8ncyE197jdxr1zP2ho8K",172555315
"Awes4Tr6TX8JDzEhCZY2QVNimT6iD1zWHzf1vNyGvpLM","DumiCKHVqoCQKD8roLApzR5Fit8qGV5fVQsJV9sTZk4a",4869191433
"BANXwrLTkNHL6vTpKhXn86ySjnbwwGyWf9ExGgwZoiSD","BANXFioM7tuFqDyKp5zkZzfQJxBCRkhZeQj7sWNPYfRZ",0
"BCS95L5JHBWHvWkcEJBEF3BH5QHxKcPeaTgoYmHLvfFh","Hx4UJCvf8amGeuW9fPFfTckRoznDHxPSYiU9HuUSZKLT",224444683
"BCjGyexo1i7qpN9CbJ9Zt8avWr4Lb2JRtcm43sJvsgQK","7rwEPPMQgHr3mn5nQX27SADt3tR8yucBgsNapYdrqRhB",2174602
"BFMufPp4wW276nFzB7FVHgtY8FTahzn53kxxJaNpPGu6","7K8DVxtNJGnMtUY1CQJT5jcs8sFGSZTDiG7kowvFpECh",185628466
"BM2vE2QqkB9fGtC34WPtM8drbgta13SBkhRq6dRG9J4J","8r4Fu6M8brgnL456RJfwxk8kN4iw1LgczfuXeuG1g4px",372532718
"BNtHBLo1L2vAG7PBQ6mJvWz7GqVPxBnioXsY2Gjtubrg","ErvMUdtMC7AX55zKdYSyy4DnWNCrTsWn5GwprSG7ocnx",165546644
"BPKAfGkkzF5u1QRjjB1nWYYbPMUCMPJe1xZPmwEMNMCT","9Gko8QZBbV5SrEvHKtQHcMrGGSfgFP3KJUozEGifu25x",175760191
"BR1aTt4ZZUCwWJDkSYf1hqkYJjo7Mb7Ar8iVTkeSwUB8","AbacusTT3yhEFEKkQKjGStDhKDnvSFGpg9EqBwz8FnDF",135182018
"BSMe78Jk1BfeJDdHQj1aXVjrT2aMAYidyNAGQsTshrk","T6bpj6H6fr9GyKe73DcNjPbGeSk8twDsiNcU4srshrk",20175075
"BSNJGveGPVYzdt2bhTh3YfqbzWPH5Sq38zT1Br88Pn1N","FKU3YWq3AUuN2mJVR2pJgbsVQHdGeaK1Yj1iMBhJugd1",28726102
"BXoNGzhaW2R71avxDbMofBTnqH9FMsQmXVAXR1Xshrk","1iD1fPWCyr7VmEwZ9ShtmiK98D4KTSSwXwbA3CDshrk",6559169
"BeRtYZnaaZLFwYQRPaZcxuuHBmyFBSGP32C8Ls5xnrZP","BeRtYZ7SVQozwTby6ajQzrHtKYkn4qoKyRfb3NDAedtA",105421213
"BeaCHioStqCEFDFxKwAEzyrUPYxqnBPhJ98gDKeEiTPb","BeachiopjxQxL7CaHNSZsynApiZCKx9QFVtcWNz3jDBo",336744245
"BiU1DNow77wGwSXW1bLmkcQe2cuySpkbz7xtbitD9Fmk","BiUSTKzDM57pkf52SqxqckEk4ap7d25y2GB4GLXxdgj7",110859047
"BoNKmNCGvoHS4CkKvYRnF21iEpUP827pZjhFGdA4t5as","BoNKvwirX136zCjcnayEM4W82vn13RKkjm1Sy3UPBdim",256544166
"Bs19Z9SokV1s46jutN9tqqaCgYf1GsVyyytVfkzwn9qK","5frYQSynysBe1akCVK9tNBJ5j8jgBgUsjAXAgqHxvykJ",46650908
"By8MseMKtZQQaQjMHJiyetmc5AC8RZZv8C2ss33ktrHt","H1kyn75BFTXr8QRmToRRvuEEmYan5n6M5APyfhMLau3b",107413679
"ByszyWdqC3rVMWy8f6jwK5cmwkpwYdwsr7UL58xS5vnm","DG6fVEB2Qy1jntvHVPui3R12CMqcwNNnjYPYdsbQ9ACP",228006553
"C1ocKDYMCm2ooWptMMnpd5VEB2Nx4UMJgRuYofysyzcA","AS3nKBQfKs8fJ8ncyHrdvo4FDT6S8HMRhD75JjCcyr1t",1334544151
"C4bgengueVA9cRcprjutgu9XgvgoaaFnCqvpZaPy27xx","7DCb5VuNx9XFqsaEgERyb5mwwRunDNtLRudCEoqhcz6N",0
"CARBN9PY1Qej1aCg4885pfoYH8EHfjWuMy59pVa48ky","CarbnAxSfvsBdp6otKtoUa8XmUaX9PcsGq6R2WqZMuw2",9140588
"CBUGET5PnvLc3HvEeFYj64iTvdKhYV6pujTPDdDh785K","GuxBSrv5jnSwwPepkqnmkM7YCBSakKanbnw4BKMdda4j",24898216
"CLsFr1KZVbAyz16iFpwg2e4hiekR1unpwyxfNdjBMaoE","9bb63m29Xy1KiWqijLs3f8adTE4KcSmVkt1qPxGkbkna",159081711
"CNRyYnXZjryxNdSUwztdmVFVuQPXvugQ1d2wtRTjjTb3","CCknLtNpJWNzq2cBrwqYxXR9oguZmaXtoMQQQDCec2xY",49797658
"CTwsruptUccEtZGNxBDbuusHYxkBX3P6ndrxVjSG213y","Fhks5gukimP6vxKYbRY4V1aw888EgHhpdDSscD9V6bub",141288009
"CVgwMrWo9chKEuEPCe6Za9KJe8jamnAcoeWzaMeNubr6","F1wBgGku883aGGCQYMQFR4PmdJ7faej3qKSk8xGCycP7",77597576
"CZanBzZHFzrGY5qKzaX3CNhJ5smHEMTWFFnoeUi4J6dr","GzjMbJQDVuBLFY69QwhhjDGDy2o5Q6nswXMuVTCWEFnp",57345567
"Ccw4n1JNzcjdEUTYorfZPATWHfmBKV7BHnJ8YDyzqh5s","F2aGhv2o1j6zzBPrfdiXuSSek17nPwXqHqwKMdW8Rfxc",92523281
"CeC95ByA5rd3cFELBgK5nx2hB8o7FynrB2ciNNwHYEib","ChSX4mV1H7AjC3Bzc4cozkurEj83XNpnghent654hRgV",25737083
"Certusm1sa411sMpV9FPqU5dXAYhmmhygvxJ23S6hJ24","CertusDeBmqN8ZawdkxK5kFGMwBXdudvWHYwtNgNhvLu",676172084
"ChB6C6dmNujAi79XtQLPKLL5SWdNLMShA7KKnrMMFF52","kWEiSEQZMeLAbMUiz1njRTZEjuSpJDCgVynB6pJHpcr",32765497
"CiR8HNCfkjtcongPmP2DRdZPnFgjSbN5gsXdjmsXXHcB","7JZTyHRTmzHfmHH89uT9xKSKDVJ1VnNQ1FeTeM4iH3J2",48701646
"CmHAicGXp6boDhgp7Kb1JbPcvf7GstyK2yMyMxZY2pKU","BKccvpa2f5McCLjE91pSGzEY6Ac5sWm1jmHy5QmZ1vTm",20764723
"CpNnGGhgVATJAbzHUXdrcGfpPiGuZyPka4QUmH7YgavX","4qvFxnUXYjBdcviCwVV7gKcGJMCENEBfS82hSLJUhyvu",74106521
"CpuDNi3iVoHXbaT8gHpzKe6rqeBasoYjEKi21q7NRVJS","2QE9X9X4tdDUTYic1DgBBJjU7cWUNPbKYGerCb9KqDQN",99127668
"Crg1X8FftV44NmwfFvgREjanBQmyyS7NEu6duLU7Cyy6","323d4ZiSqS1PwGwpJwD88jNPaGqkm7YYW2tJt2T8iFzo",106705925
"CtzN7ysR5rX69qd168Aosbuc83mPozhi81bEHbG7ecNP","CtzNnqzSLwNtkzi2yEWvq4w3GYQ5gSpCagqFZ5TbdSKb",54969517
"Cu9Ls6dsTL6cxFHZdStHwVSh1uy2ynXz8qPJMS5FRq86","5iJDEVRi1nMLwKAWhYbEokZnvBAe15rgFaHGkggVEP9z",325121560
"D2RV1q6FgePVVjrMa7AMzVbvvAeg5oS7TAV7qdNKSDsX","CCxSNvJogH6LWyoiEbG7JfcWybw2FqqCExs5GuemChGr",218762243
"D3htsc6iRQJLqCNWcC2xcZgUuvcd1JT8zoYNqraNcTQz","3xjfK9C9YNcta8MvK1US4sQ3bc6DEjoJoR3qLExGf9xE",226732918
"D4ujBcx3Wwc6rHhx1DFdTZL7vfDJDE6Y2BvRfE8HovBF","7y4wStv8XxUkuBgwNkidfxdy1V6TMYr4UjaTDwcS3MUr",48537046
"D6uUDTEgXDf1yzLuQfFFCEKF9a2Ri5trFAWwaUpKB2ji","HXnHzBUQVZAmovjMb7vbm8G53XS3W4KVrzpF6jiozrJ3",99285402
"D8kuk3qEiVBGwYkuMGKfBDwuRi6jjRkzjAZg45fdaRLx","7X7oVv6K6wawMNzVriczSAEk18GzqyrYrvqyJbwLAY3s",211522586
"D8xKNftHzFcCekENuTEcFC1eoL9y8wNHEg4Q5z57KK4e","4269foF8CYyT8SynFSYHiKFzHva5YL6PoAQj9pH3mQmh",169615999
"DCKyEmMENQMtLXgbmUoHRmgP9XdJ9HsR5WxrKnSDCzKA","DCKYVqFDwUs5m2DhW9muK2EX86pootvWD8wXA4nSqDxU",24737869
"DCdTPyDbXNHrmdv4ZyPPzEfY4mPAqH4hDPtowAteoNgv","DSzLJLUQD55sxaCsJBHLFSV1SYngMmT7oY8rLpFhyGgb",205269761
"DDgVWafunwNr1YeJD89SWqotXuwjzyvZRmpapZPshrk","MkyLHecSHN7TBdWgnh2J8KCsEHnsqqbVYSxtGmsshrk",9324756
"DEgenZMznWXvg5YHaZM75arVTauV453SeXX1UrxcGNup","DEgenL35vQWg3pE8rvY2vJ2SrmpMsXMecu4PmvJcCCJv",24042577
"DKSy9mQn63487j7oXHxqmykLEYUA3akTHm1QNPgDLGN8","9Q1cWVFNc4UgU7dyFy29mUyeDnNZWSDaJKYVAR5jLpaK",10368617
"DTELykegBxxEn9c15GbH1zbYFr9CFd8VHQnhTGfz5JLb","DTELA4aHtJB8zcMJvKgcUjAYfkGcKdRUN77cpFoMVgxz",36012493
"DWGupvBwXjUudG1fPqtcuw4qe6ByDzzLhnbr5z7RGWsL","7yGMaEA2HBLKJzLwXEMGg2fJBffZwMhVT4oQgqhJUP5N",84237269
"DZVqmD4QqSWM2gUyEXdQhvt4u3NZtCRxdsn2n2nNiBRL","DZViGjfD4um4GQaNEE1h8tmWtMpgCW6qcvPBuHCyLwRX",258148952
"DZVySotZvrvJyVAcgjFtUDm93zoCaq9wBruMAUz83CWW","DZVyygR326SerwzVivgqb8REnegEyU4teMkGQaBV6Bpw",358982444
"DZv25oNCWFvGXu9tH63BiAXvG94syweGZhbvdN3HxDxT","DZVSbEJQfAFftodtveLseuzc1Beqm239usKJhx9TiBRL",193293108
"DeXsDvvZzKhVux4YfDFE6p4acJLGzr8yKt5pSTjzZB8t","H6rbcwuQtadcv9JvxLM7GEskF6xFXnrNT3iPkk4RfyBE",186247449
"DeepM3FDWaAb7o53rvyZk5YvHLG3FvDiVXJLRY78z51p","DeEpSdaw8uBLQ5T2HQhDf8fBSVbm13jGqJwoSF3HTpL5",67919154
"DefiihS7gLkj6xLjjhcr87bFuwpVVNYpeNBaBeFe56CY","Defi89YpAhk3Gst1Jpsi3Nhj7yCu5HropESh37SQ2v9g",21207851
"DiveRaPKviyDnQyiiMFdV4rujsCBJzMNvPjKfvGNLGvL","6hcGvZypizjf6PPsxboshZHRqefyQKSG9L8vZqYdm7UY",43794557
"DtY5Bzxd75iWQRvKwM2xLUxqwLT1RRoeNwmVvgS2JANA","BSRRvjdKd8SHApi3KtTGbzrdhUojitiwAt4xt4nAxbFh",32709558
"DtdSSG8ZJRZVv5Jx7K1MeWp7Zxcu19GD5wQRGRpQ9uMF","CvSb7wdQAFpHuSpTYTJnX5SYH4hCfQ9VuGnqrKaKwycB",6228687118
"DwGEK1ZSC5SM9e7Tkts5hLpkUffAsFUcqeLr2zifaXZi","B7Z2u3Uw4xvu7s9wtBiV3YmWdr7vEm3r6ZL2jytxQvtY",110996942
"E99w1XfS4UNM1xUKXWEuDmj8Mduy7u65jm2NCULTspSV","EfnywDKqArxK6N6FS9ctsuzNdxfx3pzfXEQE5EevQ1SV",14163557
"E9hD3ikumJx1GVswDjnpCt6Uu4WG5mz1PDWCqdE5uhmo","3a2onvgTpGynakAQwx6gigtSeL7itZewNxqb5JiAvWeA",125628033
"EAW9vxqogvdPNapq7QTDpiVTHK6o7begUhPVnf854VTc","DyDjFYB6i51FMHQvB4eKSwGHmgMxVf1i3FWwANAngqyY",65302137
"EBk678aQvc3cUkfGyoehfw21JQfJXjmWuBeopYc89RSV","EtMSc3MvcDXUr6ChK5GxyFVwTxYA3zqP5XzjE9jwKvSV",115586770
"EKHuz3Ag7UtYrEeterGVFHwYWDn2d6aXjnAAf2d5edLh","23utbQdXgsucDPTVcaRQiTZMrKPhQ1nmg4iRNdHDNwTb",14521320
"ELE1xBTfmHB7vuhSH94q23r6j3tuvTXYTqgm1u4uzMLk","ELE2xaC6i6pmeu7bfrYjBv4whBeTAbgwcg5hf2ythiBs",53722680
"EN5F2BU5juUEWr9zRNNqKuQMi9zBUY1YLPHV5EyMrvnW","9ymU1ayh9mZVyDL4dUUtXKtX1wCaFNzZPGutLJgqzuC1",135483531
"EPFZFVrXuveEQar9LaEkt5kDRPMnbvK54qu5FwCxpkcy","1oH9rfyrbKoP7ucJ1Zr2HLHmDU8N6G1G6dEuruFsSqy",15710812
"ET6sihELJYJeiQ6z3MdpSnbHWPPJ5FUFjZag1BtxVX6e","5csconnhG1Z2JBGoACCiFyrhCg31pAecXa3ugymbyMw5",114243316
"ETcW7iuVraMKLMJayNCCsr9bLvKrJPDczy1CMVMPmXTc","C616NHpqpaiYpqVAv619QL73vEqKJs1mjsJLtAuCzMX6",128774836
"EUDis6LJeJzDHTEBgfHGQyjHp63XZkGkx4E69xunC2Ej","steakxfubt37xYdvuXz7BV5Uhhhk1FyJx9zGHfDcTVr",131547317
"EWARp8Syq8cTWGWHtP5LT9fKAn5GvXfSCH8LfAwpgQ6m","4BVYjw1ztUzUPsxsaCheWWwThT2X4rjogZytGnuWPUGg",48230446
"Ec2vpRp8HsTXndg25eBNJTQcQxTdEbhutivLQQLshrk","PT7kgZzgqUzbkHnQ2asoBtA73iuE69JsPkcKsk9shrk",17281823
"Ee8dX3qtwrDRnxYK6NGQfmMeKT3Qpp2QZHpxiAiw23W9","5szskKdH8nfnUuHTvn9hnhH3Xuvo7RVmcDDvD5WD7yNh",125494743
"EtoMApqP2h1vVm9XLTTp5HERNezm5btkqrdAGQ9fZRnp","7HhmcAGzjChFjG1qsN4Y9NPgDWfytXXVA7ZRBWE7eZc3",132556811
"Ettghfhr2kQerqAyGUuifFtBX17QecRe2gwpUZTAbZuw","Ay5AcULBRJznGEEaGm2mWziRbefETRjdfZ1kwsoXS9u",34002838
"EvnRmnMrd69kFdbLMxWkTn1icZ7DCceRhvmb2SJXqDo4","9QU2QSxhb24FUX3Tu2FpczXjpK3VYrvRudywSZaM29mF",4796003275
"ExCHWgfeJyKRzpfryiQn4W6aYaWhbSAEnsoUnBGNqjWD","ExCHgw3CfdZTbsrDA2phe95jswV2bDr5oSJwyKJKzEdN",27783169
"Ey3DkEVbfBxfWmkTsG7Hqj7jshYf5Zx9H8462Zjjkykf","GA2t11gJcmuZ4y7pShTzgYDkxVaJaVQJqkVUqojhPPsT",231099022
"EydLxzdWfD434DDxZYXkTcajvK5VKH7p6CofEDCRUkJ4","7Eg46UwGgsufXdd9C9kF27UAyD2t4VdmCdVTtPFoqxCy",155022129
"F3dJbecT56EoP51Awv5RXtVTv498QNKWrUDu3rQ5srvY","4GN2gRpWbtx7REhN7gS9AsEkZy8QmA5xv4eTGiGafGuF",125551555
"F3tdN8SoakjEPb743VY18YyKJWYHo6rojV3nkas5YJh8","EJ59wFK3qPrnsFFSpZ7jSwCnXe8hVQ12heXYUqry7Muc",161429097
"F5CRSKK34yQ1G43WnnP5vy9sj4YxthBWM4ct3wGzaB6n","tssGAMwuwFBfJbPeyXTzMvGekdWcVi72Nqg1qzaabEM",130187636
"FACb6bbTDRBHCK999V8ox8jga5JBnt1r3vvzmAYAMv2o","FACqsS19VScz8oo2YhdMg35EsAy6xsCZ9Y58eJXGv8QJ",135297556
"FFevTkywysWf8PJvH4DZkEp4v9ks9HJPJhZWbhhJiYnr","5DutFKQ8qPmbjFEmp31QH9JDYJXvwh9pma8ap5Phxk6H",9530002
"FJDmjm2bkR49AxtBvABQphrYwjdjB54BP4XCW7ht4E4M","8Xt3wSSftRb6L7iRiC2SRU9UQop4S9ZaGzWv3ZH6PSTD",107904940
"FLVgaCPvSGFguumN9ao188izB4K4rxSWzkHneQMtkwQJ","5yHqB3NxovCEMUniQCboaPRMyyQ7kQQF4QqvC4vaz78z",5174380
"FLWc77X8dKh5RdJe5xMFxry8kvSVUbo9G4MQ8hCAg5ve","EcZBjDPzSZLdsyKCBq26MZMYFfiinZsfcL3SwWMK1eNL",165843768
"FSVdqBzx5D4UsqBLnvmH5dFx2dCm1pTPAbQWJ1PYzTJ2","2EWi8L6xp62VgTqFo3LnhoSP5sL9CWqYxvK7UA63qK9x",49455264
"Fd7btgySsrjuo25CJCj7oE7VPMyezDhnx7pZkj2v69Nk","CcaHc2L43ZWjwCHART3oZoJvHLAe9hzT2DJNUpBzoTN1",6925258898
"FjYEr2UCeFzNfAKiFrbhG34Zv8LxbmfHYAFhAfc7SLQL","21wUViiyG1g47VZ39ZZsSkFX9nu6bkyfy6jryHGD2TUB",176075963
"FnRqe316RrxVBv85EzMgcuWaVLZYYuyEq9znJnSZAu55","6hkfqeNAbURk7CmAQsP4Qm6WwHVF4LxHupEvQf7Tkrf1",112226380
"FphFJA451qptiGyCeCN3xvrDi8cApGAnyR5vw2KxxQ1q","5HScvYkTWL9iojhPv26xK7GqB7oBsj9A2qHCeNRFmdyG",22981369
"Frdg1NUoQaaTmASWNTrtDrBU5PbTnWtUvtdCr1XPNn1c","6MP6Bun9VmkGcRVU4iF14Q8P7jTkGtQW9zVwmB9kCYyK",58576718
"FugJZepeGfh1Ruunhep19JC4F3Hr2FL3oKUMezoK8ajp","7emL18Bnve7wbYE9Az7vYJjikxN6YPU81igf6rVU5FN8",518075046
"FwnWx7x99rGwLmipzz8ii15NqcHkKRo2oS1Y7j6LivgZ","9f7dqiYNBZbgPesAnLeWnKCtxYHSfMg5x1EMZCJwVwG7",388029757
"Fx8ATrRvjMnmUCjjDaUFcyjhbLVPzZJicj32bDcraqBz","Dp9gpMr68ZG6gKi1ByGq1oACwWrmRe7cvBWBHhRbdHxr",89961951
"Fy7RCjDdFLG8wLn7TBKbccaKwYX1FetdSoVDREdUHf5o","4Q1khZnsdtNyQjUCpYPBDYyogui8b9x1MWtKNdaPiJdv",32473595
"G1eAmANVWf6ZeoxG4aMbS1APauyEDHqLxHFytzk5hZqN","G1EAMrJcvzs5SwqAQRgDTjYBEGrxxJVwNS7qiUtB3akg",82401063
"G4GT8z4AKWNoy3x6nuzxW83UfFXLXzrwn7DZQt4GvWdU","77i1Ryv5bLp45yNeJCwCU28f37fGYspvRtGbNyxsD6Qe",146526159
"GCQ4V2e6PPdgHM1mXgepHZvdRkWAxbiFUUpJC5Bpcncd","9SFU2TfJmGB2jq8NHc5Kiaph6BGje7MDJRu7joQ7ZqWV",16388522
"GMag1aGPi4Qi7FYNYi9HnAaktSRiWvZ6At3UWruuhEcL","HzJULufbrhteHLQDYAh8ZZn3P6Kip9MDo2eLEXgiTJed",122112102
"GQiWnDYrzHMALWG9avt5FCu1wisAQHjGY5ve7GMBiPEe","5XGMWvqZSBk1fktPtxbwaMF5dhkbrtchpwd4xiXG9q8u",102828154
"GQqxGEmi6aMBZtcfmfmC5Jgx33X57ksvNYoo8bMH52T9","B48pw5uXH7gkCibuCBPE6nezKsCmYfFFwveCeMHpq4iv",0
"GS7tvhfiU36vp8q2d92buz3dgENidvA3bWNpRDFcvnR2","4DcSke272vfn4QQK49RNzPPj9pYasbyjoiY1a5UxLDH1",88485868
"GWJyUxzcVwRRtpLuLiu1mpiUQsZ4onYFAYfCjQnuLmz5","9KgZYnDzHhQANoJ43Z8czkgXYdTjtWLRrH9nDf42gqa",230177544
"GYx8kpp7SsRwtQEEsGQjAxb4hFMMmT91kFJuDeky3YGQ","7jPqpHuN5v59dtBom2tjmYEfi6WaM4sFtJeTD6fzhcdS",577221292
"GZMbBC62TfFZj7YBM11AciMSm7ejKRGjzg9ehsmjLtqz","B7ZAax4Un8WZgvz5VQa55FRpyusPqd9o6WtaQfSxpvEn",79822252
"Gd33fENP1XsBimff41s1EWrs2kmqfGQqEJ5CQPQB3Jwy","BK5Km4MyuncoBWKCM9y3zntA1JjhdqNcHd3mxitms4Xo",28438143
"Gf4rQifKzAHznUdtbFumy1MTwGX5ApgwnkxUUvEaEzWC","NfqEUZxKU4J7C4HobtMRFhBP6MvKvNCoa7wXSdwZNcg",116587707
"GiGa4gzsvLHmtPdN4MXFnr5U8cRbxS2FoVkZ8xq2uus5","CHED2jBWgvh53kd6fbdbqhZFipUE8VdF7orQr8dz22HQ",31994629
"GqDCbnafLmKkdqiqf278jDLXqjjZMB2sViZQtR82jPUf","4KfAqBj3Jvi9GGngFK1MbZkjHTcSFyvhFnVwc2QrNiEh",30262422
"GvfaiJUhNCRZGVGumsEF1eHDb8JpAeFAyHSrTifyhrbt","6oscGUEkXE8fyWoC4czRKbM1cuLkJNtgRsX1Un6w88Vf",115739567
"GzK6vbP3fejCMqja1veNtN3kF3s8KubDCwApnkVeyGt4","BcEeYrL27qmhUnk3BebTEjsuFmvoeEGgrwBHj3M3ArCF",81940897
"HBhWr2MXcBjuhJAfwei8N6cK588Y7zBwmAg13RPshrk","xLEM6v9xaZ6Mb8SBQjf6ryHpRVxMngdWepbzMUashrk",8852102
"HVXXmNKkmDZbZwj74iL2Y9Wu4SyrchBoxAfFYVAktLrG","644K33yWfSzc32VvY5fRUfUqphw8LTaLQntCkyEpJ8h7",81302377
"HW4zorvt6xDwhU36RqjcWNwU8YMj9tiqnAafBKW4cqV","4jEHuQZTNTRYAhxRYEjV3HJ1b4wqdQjnBRdPzFWzkCft",86004346
"HbQwCgDvVZF5pMdGZMdX2poPU43RyF1TxQLz6LFMqYRF","2tdiMkw7vc7ELX6YSQVRdEWFuwAmmYCTcvgqsCTTVRHc",78933230
"HwN6eoEe9N3kwHi66hpQDBMFPk6ASQGthWKPX5MZmisp","HwcVgFSgmfeeF7zGFUBLoVA8Hpx8rtwyfCrJ1npBaSVC",48164622
"J1xEijrZvidXX8eF9gnHprucjeMAASZ2tYkY1GXF91Tq","8b3JPQtHbw8MBJQNwUDVXC6xfaL26UNx6WA3GShGy5Vw",77682445
"J2obR2DK7gnd6H88HjKzEYuMyboDWRNpbzwmGSh31nnu","DXv73X82WCjVMsqDszK3z764tTJMU3nPXyCU3UktudBG",11271078
"J5AsxaHfWn6KpEcPRT9EZ9szvEMBQeHRe947UeaMPG3z","GJQjnyhSG9jN1AdMHTSyTxUR44hJHEGCmNzkidw9z3y8",138034089
"JD549HsbJHeEKKUrKgg4Fj2iyv2RGjsV7NTZjZUrHybB","3JD3jMmnR6g88qff2WZ3cMHJRjJMUk9yVZtmYTYeFrXf",4947820793
"KTMkUG8WCw9FdH44jLMBpc1teGafnYL6SgP4fHHbsNM","EpicsoqLdDP8qRn3wQRKTSKAXbjK9dUgFfNPRQS77MQD",8182048
"KiNGTLWCgoqLKn266xxT2Zosko3FumNv7Z4V7V9cyKQ","KiNGunz943rm3mJmnbELCTSh61EPqbNATFiP9XbFb9G",160356192
"KoLibrJsbABbtmtFPc7nPvDxT81rc4UPM7mY9xSLjpo","34mSDco9FM8599y4QF1GJvyWUrPixeT3zRNZAvzNXF6x",195878637
"LFGGGJtnBLvq78DyMz1gTeedM6f8owck76qHThDABBC","fVotEjqpmpQYgyVyBCwYm62BKqqTQNE6SpYnRmdBazH",61665099
"Lake8NXDThihebhxS3Js7mFnj9fthmus93zEdsFNrsL","LAKEuKJQYVFpf4vyjX7iuf9ajHo3k9FiyewYKf6VxPV",234125041
"LiFiDJwJjW98MB8wxcnXpafKYsuz1hwpUkuszkERiX6","LiFiDDUsf6GCRHwkHzW4YnR1QErj99MAU9diwb8TvWk",7307691
"LodeuWMHPiPj2PUHUyca2bkpFv9HyzR3gaDBmGJ9TSS","LodezVTbz3v5GK6oULfWNFfcs7D4rtMZQkmRjnh65gq",68699954
"Love31pnbDJNVzZZVbtV4h2ftvTPVcBpXW11BSTCa6s","Love31JHTTweTzCu3BjyjhXJadjRrd57hiNZn7M1fLj",134974918
"LunaowJnt875WWoqDkhHhE93SNYHa6tfFNVn1rqc57c","LunaFpQkZsZVJL2P2BUqNDJqyVYqrw9buQnjQtMLXdK",103084932
"MCFmmmXdzTKjBEoMggi8JGFJmd856uYSowuH2sCU5kx","2het6nBRLq9LLZER8fqUEk7j5pbLxq2mVGqSse2nS3tf",113286596
"MagiCBYNPD9iTBXqiFybAFCREQzG6MSM4LmFLXQZxuV","magiCChVWbehZ1e3XqQfLh164yUfQ8LnRWgSP9i4oFp",95588716
"MutT1jxCXbRWJXpXoJK259gLrNfzDezdxS3BSkQAmv1","6H9J5xtcqGwh2hd2GpBHfvrnDicWk8GtvpnypH7piktA",605514771
"N43JWBg42ZoUFMkHsRUVbP7wGVdxaHKanqaF9BBNiFC","vanFfAkyFXFnj6TpmVwet6pJBnS4nBWNcJiE5GEsZ4K",65927170
"NATsUSZGohWw8xtLdxG4yus21UCkaes4FLfM2eqKbRk","fuyugZxM5S4NyV3ZYoc6ebs3fmRTrZ3X27MKCFvHpVD",147156141
"NLMSHTjmSiRxGJPs3uaqtsFBC2dTGYwK41U18Nmw5kH","H4QVPxS7napq3NEYxqLhxbKi9nJ8s56dD2EQZGsyZ3sb",232657581
"PAWsME7oYbjt5TRNc11mBa33JhKnQr9AYherdr9YAZ6","3ZUQekqiZoybB57y49eqtvSaoonqDwuNbeqEGwN88JkQ",164454915
"PRGNnb8DxVcP2WjSHfVRGgc8SkA5u6dbMwoTVV1BGKN","VotESBSkLKU8vebS6wTR2rzWWJsLc6YThYS6tebPxXq",258585072
"PUmpKiNnSVAZ3w4KaFX6jKSjXUNHFShGkXbERo54xjb","DsiG71AvUHUEo9rMMHqM9NAWQ6ptguRAHyot6wGzLJjx",1061451926
"Pid6HQnMCFb9izqX9i7X6ePdUPieGmjHoPxC1Jfooix","PineDoC593nrX16W8ZLWfF5Evb6otv7fRfZMLjPAHe3",218436024
"RBFiUqjYuy4mupzZaU96ctXJBy23sRBRsL3KivDAsFM","RBFvvcGPBpgkBYmJGsphoDQJD8sszSuorM7TorWm12Y",228403495
"RLMS1pv3YKi7CSUCKTNcFN5fFkXJc2SmCwPhbQpqZJo","RLMS1xvot6R9RCDbCtZN8toXGm1ceJHXnBSNC1wY3FU",34383770
"RNXnAJV1DeBt6Lytjz4wYzvS3d6bhsfidS5Np4ovwZz","RNXpSdqrJL6eoLrbW69Q9qsFviEwRpfFfk3HiRRRohq",432502375
"RhoAkvPz4uJY6F5EnmBSHnFFEeyA9rt9Rvp95G6HraT","Rhob5aKMhFYqwn26o2zvApzwAWmagtW1ShLmWSPxhKX",28179770
"RoYFUUD7QD9aQ34UCMcwfye8dC5YvJeXz2J3mmoy5S4","2ayMCC4aizr8RGg5ptXYqu8uoxW1whNek1hE1zaAd58z",123081019
"RoYLttggWwa2st3KAGEjnPhsq4NPD5QwaNVyyR8pTz4","roYL9AoyuGae7uEAErzZhPSSxnLLZU4TNx8wmwCk77r",111737307
"SFundNVpuWk89g211WKUZGkuu4BsKSp7PbnmRsPZLos","SFund7s2YPS7iCu7W2TobbuQEpVEAv9ZU7zHKiN1Gow",237851526
"SKYzJwMV6uX83pkytP5FFLFFtwi4yBfdg1CmDu675C5","VSKPGTijnFBcXVYNk6pCaSWBUp1pz5u5qP9rDdWgsgM",0
"SLAY6uN1zZpXBTfbuDDCesNmM5D288xrz8uYvfS3n41","SLaYv7tCwetrFGbPCRnqpHswG5qqKino78EYpbGF7xY",387184108
"SP9K2c8Z1aaQaqdQgC6hZMJ5UCTTnE76XNYVse7H94b","SP2JKHyxhs8eMQUi1wrJEcganVJoMhPe1hygowsusaP",18351607
"SQDS9iwyWvT2mQbSZzuNKGoxuBug5jRHouF6SuMRBkA","SQDSVTDfE5HqL7D6RjZk1vvZhaheWoskrDdDHCki68w",85684432
"SWiz7QwnYPm61pWWUUkMhj4r5pZLP1SvYibdHcB2cov","SWiz8fJt7CV99Uv9VZTLGAkMP3vTpc6u7ZqNN5dsWXU",68832691
"SWnetabTLirPWqEK1V1T7HkVLC5vGvfjEsb89wiqrGh","SWnetzxKaKtuysePKKAzdPAk3gqWgPYxg31vet69Xnz",195616793
"SaGAgdkowooXBrHihpmE8gsjf1dUG7n5SqnyJxYFnXJ","sagasJDjjAHND4hien3bbo5xXkzCT5Ss6nKjyUJ45aw",30616232
"Sp7stYmvQaALhVEsmbV3NnatVrH7DFJUz6PWYJfshrk","xtA5ixQt5rvEHfqfGGJkdKqoV9TH14NPfkhsdXsshrk",9053509
"SscQkTYV2BFQYGGffAmTzvefrFrw6z9GNYiWHstVZ77","sShosKd6uA5c1ZpVMxdsE6do13TLRWSMYsXbSMmNC77",36883192
"Stakex4B2tpDHPWGvV1dninfiaYCGdakgTknpzPitLh","StakeyJXE1yJbEApBVswHN4JdZXcj7V5MHbzffa4dFp",106525491
"Ste1115xFGdAYK5jaWA3dEFcUc1S5jEbVvD8e327zty","Ste11vRHQJyQjcTKrDbTWAYsTXkX6PCnoEw3mSH3u2k",309369742
"THWsLPufeq9LWs2H9vYPbtFwdxAHbQHvSbT6pztG8x1","THWfRpcJSC7oDrNMSCcixTZmCHVBTEVQL4qnd1UTD1x",169568114
"TopjgY7N1fJdnW89S9fX6t7LF61nspgXGL1NpgAKhDG","5DnWqsJceNamPNNUpMnVr1XQ8anSxcj9TXRD5Rn52prJ",23054768
"TrUtH9WTw1jBVuuExpm3MnC5XF7mW6J3x6oXXA9yX4U","TrutHUEykD2UsmAq7W3hA4r3XiQxGLqhENAwo9522xa",44562794
"Tri1F8B6YtjkBztGCwBNSLEZib1EAqMUEUM7dTT7ZG3","tri1cHBy47fPyhCvrCf6FnR7Mz6XdSoSBah2FsZVQeT",213255704
"TxtxXzLTDQ9W4ya3xgwyaqVa6Tky6Yqhi5BLpPCc9tZ","TXTXAmsarrYrTobiCzq2r9NBqfChqRE8wEfJNsYZZ6F",352668014
"U82KEYMnuCiZSQbvuCJTZ652HX9NQ63uNSnxyucshrk","c3wFuF1LCtsY5DGo7eBQCwLHhtZgAxNwNDrUCqashrk",29738063
"UNrgBLmc8JT6A3dxXY9DWeHvDezt2DZQbhg1KPQfqEL","unRgBLTLNXdBmenHXNPAg3AMn3KWcV3Mk4eoZBmTrdk",52404795
"VALiDcyCpujxjJAZDK2av2TpMAigpSodzj2ApqgR4e6","VALiDsfZKafvvQM5CMHhJd6PeVx9UpeDEC4Zk3WYikz",194487101
"Va1idLRtYEtVFJFsvz8vtt1uCJgea4Q1zi2Rh3eraJh","Va1idkzkB6LEmVFmxWbWU8Ao9qehC62Tjmf68L3uYKj",235082504
"WUNoB9YQXmXXRcJsjY1G8PfVag5aAfnyGmFd6YwJVwp","BDn3HiXMTym7ZQofWFxDb7ZGQX6GomQzJYKfytTAqd5g",126895190
"WnP8cbMW3fqZLHiyEWSpjBQ6sZpfPustpaiY4QKshrk","g3YCFRjDBQDv44XtPT6dfGvhrB9DE75zLMybq9Mshrk",22234737
"XAqHfPFsqTfAJHBRHAcEECkMSykXjkUj2Rta16Qshrk","ySxF6XaSFSwU46iJbgyh2rAW5jagLbYULPtWvZCshrk",26903575
"YE11a5nVJtUNqsojkphYuWc7StqBzbCeFH6BjhAAUEV","YE111yizdzBA7JQKMXjy9VSx1shKAczUbs3b3e6vKQH",96103305
"YuRBAsy9Stw1u46A8dMp7WQVBFweLP1PKuYibzYAMmQ","9gANMngbGUmAaLXL1RC3JdiaLjRowJXNbzCTh53ht7mq",36117788
"ZoD1XLMhxdMveAJL4x9oab4FhRKP5NThTnSCH19Tdjp","ZoDVQ5zCgFyVm2Y6vHhZ6boQEZNV6sMVnefev4M2Bes",15592377
"adramSYKBv1yHoZTub4kepcmF5LybPxwyJcsz4fpfi7","adraBKLNY3DL3pg6SJRDYiMA8BsznaWpUdE42X41gbP",210083956
"adre1Xia7ekGsEqNgHeFc7MYwkfzTQNeJgQmZ2agAKZ","adrePWHJJQNNuMfK3QrBKXDZZuRFPRjhovMMeSr3Drz",18950452
"ana2y2YvQ3ZPMwm6qhnN3nJoUSiT3qx5Pvetkq9xcfY","4AUED4uj6nSTuANzaAUnGBPJQRmhpDYDwoWJNkoUUBBW",895246270
"anzaeL7Lsv71HW2mew8YcKGyGqL6qNn3xoNPRrejM73","49ufmzpErLmn7jAeP666i8nMdXhFuvzjCbQwf2oEMkN3",0
"axy3tCRL3wmFMVG4c69rYurcf4fXhBo2RcuBj9ADnJ4","axyQeKp44XqUnvC1jVHoeuAJ3j8wVnGeWtddeAcNYcF",98097414
"b1ueZK9bWTywN2587zsScyLTaH18wfRfN5W15XnkiqF","b1uei1YN8YVb3qHy2JitBx4Fq9nAatLQFcNbnk6Ex8p",22674050
"bay3wXfJsu9ds1zQBoQQ4DUwFGs3NP6q4gca9WM5G1z","bay3rQMjiLPy6Nvi7tfNeVK26inBCxf88hKYyeKy64H",14347631
"bookoVmqw4QjVj5BbkFacouadx9M7816wyRkfM7A5Lo","bookLxG3LkSmt4htJ1x9zPw6E34RRMAi7sUn5mM3CNN",157260204
"bxrAptB5ZpZBhoLedJpoGWY5hBjjt3zvVBr2323Rrq6","bXr9MyoUAaGusQZ4gaUPmSZByHAV7RRGr1FhCW5tFh8",205054891
"c3rtoMCHSbFrLRTAdw4iRowKSn4BrDtvSPbuyJwkHwx","AuBB9st3RqhHBkzZgBSm6SVnHZNJQSHeBWCSkik4bzdA",32167989
"cBYbGeACrgaqNNoE1zFTveRZGozE6G4q6X6ntnCshrk","VMqRkZTWE5pX8AEow5jqYYxn6QkzLBL94woT2etshrk",2796530
"chdvWr6T14nqGRFD37KY36dsvhkCtDaufW5rpu3AfHe","chdv8H9fPfk2zFqSVaxRjsEo2qEDmswbju3BVgAHPNb",140092785
"chrtyETASKQhsndRM9pr6qC3gAHG5MuRwCgXSNVqnJL","chrtyiAw8suFRvS7rTcfgcDyNu49bGPNZ2fjSPzNPFr",26210676
"ciTyjzN9iyobidMycjyqRRM7vXAHXkFzH3m8vEr6cQj","CiTYUYPAPHdcri5yEfsmqVcs54J6j8X1QaiFLgYqMVe",162558116
"dcntruDNP5SEcGV4RxnsqXFURdDZGT3DTQv68Q8H7Vu","dcntrKBwh8j5yL62Eg96Z5QjJWv3UXxMu4rqL82w6Cb",107957385
"dmMwc4RazLHkvDZYrWAfbHQ6cViAvNa5szCJKaiun8S","dedxrPfNqPKBRmUyP9LDkaitpQzU6PD44jA6GP9Ndhk",136988339
"dst2u7mXMyDvb14cSErRNA1mxH1d5VXbSXgZ3DKE9xH","dstqVmt3cDH43Ux2SeTY2Hza1eVW6pwGLwehWCLfuPd",129972821
"dzBhD4wikyy7xqwiJvT49gdrKqWVjfs9M6cTssmRX8Y","dzufrE42PJjNNRBstdmunAdeDToDA3Cax6WDpFVj36Y",14846096
"eKV6p4xW86Ryc3r93WYLEHhHne7Zzn3upT8R2cxshrk","BUgQ241MWNkRGwEYww4VNtLxTZNb92YUzxwtNx7shrk",14045056
"eyeYaqg9e2L6xw7YwsSLm27eWJfhLNAm6ETQm8TXNoK","eyeVhGmVEoPSWmQU2wP5WZmMihPBTCk7kMMm4VhuAKS",112406063
"fdzip81euDS8jEZHx5H1mn27zGVMLzkgpQuzYRBfBYG","fdvtuDvWJZ89Z7TmeLjCwxgoLcmoEWNxruV48DvJtfm",0
"fhT6kkkJfBAkG8C5CPBQJqyiNfW47NSLhAQFvBFYmio","FH9xcL7Fqkreq1wSkn2Vf7AfnMEyo2KK7QX32LTFndt6",0
"fotby1ABxpei2EVH9uXJ6KbHYgPjbg4Sny9eRzQjtRN","4T799AaK9YT7zBtVqYZEnCY5ihUF5XaEYemwr5EnozoQ",11428412
"gojir4WnhS7VS1JdbnanJMzaMfr4UD7KeX1ixWAHEmw","goJiRADNdmfnJ4iWEyft7KaYMPTVsRba2Ee1akDEBXb",72004983
"gotasRuLTuJNZDtLHmaDJpEUjCWZqkHcuwbLhkgCwCX","Gotas1PRPrkqqSNm1ZKcn8Tpx9qL8krSQzTZ5DPKzkFX",29046809
"gridqZmeBcsUKT2Mv4M9YFHFN3tVLFb2TCtTcLD1cAd","gridZ5cMHjWGktAQt6o36NtF7XSv19nJBrW83zmo7BM",152973701
"grptonHnt7YSmJokGK9TJJTBXDT8ca4LSWMHCCfzzPa","mnvkHm47ZmRKoSWuQZAfXLRiDPiKCq8PWkMWrp1Wwqe",321508091
"hnhCMmnrmod4rcyc3QRKkLEC9XnPTvYJ2gBvjgFiV4o","hnhxfrndd827LET6jvnQV4aWqpS2EedaHcT4gj8ArSu",135147538
"huinBRP3muBuqZLMW8ARjdn4mBnEmFFcxiBzrkQz553","G1juWDqojmp5CWDhgRqtXrtpAFw9xqhjmEQAKr9faf4V",136921612
"hxMhrsuGPDmkLJ4mTxEjyeMST3VGhTiwJvS9XgHwePj","hxVjzDmta9TuN1gM981TRKnfwG2uZ9TQDGwSCs3uDow",198351371
"hy1oMaD3ViyJ8i6w1xjP79zAWBBaRd1zWdTW8zYXnwu","hy1oJTV2kX9acsqpwk7hbteqXFw9VDbWvbxoamFEufW",218950446
"idCE5k2BtTpwXdwAC7Var1enT9reut9fWECcxQP7LY7","Cer1umMkC6cvRGKKLP3QwxsdxsgxmC1EhqMhB1mqVvYZ",75373350
"jagBNeXYncnn1hzwSq1JJ16XhWTgQ7DCFVqndSJZ6vT","jag77EXci8uf5uGmKE5izaYvxBCS5H9U2rxWYh8BUUf",110451060
"jntr1vkzvSujfckGR6ANmFmirVoPBMNr5XJGKP5uDQA","jntrMCSkeNagaMM437fhZxLYbFJh6pvj68bQDZx2pXf",113986723
"kREnNfJrPEHbrjSQDxmxZdGmN6hi7ewXZ3UZTURshrk","FH5SX1WUubW9nD1rweZMofCHGhEp8qUMx3PksLfshrk",13758942
"kom1oNHyyt84XLGVfi5Jo1qkVkU5xG1sBxPG19rWknE","25quQGzrtcU224Kk7G5YDJ9oJXgYsiur8pZ7pAnCMhhV",34556423
"kyzzzgRymGpePUsLyr48kQHt53kh5CSfRH1qfvz1xgj","kyvvvkDpDCtSxQMPhzRhmv14DgUBVEGGzn8Dnb8ircP",10630109
"mALL2W6DUgDDtcyurC9v5YTF2CMMeuRwPBkf6tEoG3y","mALLoAbdQrgsnm7kWJyPrhcQcmxfT73t8DaqEkpZNd6",30600977
"mHtqTQHaUcFjSZF6tGLNLsHLvjVsxXEK8w3BoT9eLAT","B9aUcoqmbxJgbPb28oVoZg6WsXUj6Hf6Wu5P7CUbJ6NU",117407735
"meshRrDTME9cL2FSQ9E56EncfkZ7vL8apwcCFsw3o6Y","mesh3Px7WMi7Dkxke4ZZBULoKHM6sp37wKtg4DwPqPY",85659881
"movJfS8W7z4PzZJbanwt2DDSN3NbZSyadbDp8DnqbAP","movwsCDJfXrt5mPfVdTC9u8pETrTysEdFxicvbZUxTz",0
"mythxvB89eT3C1TKwwhsvdHfYq2aoCt2es8vLoDFYyk","mythxna3hpzXSbaseyR12vu5Vvym1HxS92eCgXLvY7w",61740828
"nSGZ3tv2UhskkPqiB666yDVj7PTi9qKgDqvjHyw5JgM","AY271jdvcyo5VzBiWsMGLEjpZFFrarq8FDydJHLmYgCG",110583363
"nateKhsYkrVc992UuTfAhEEFQqr2zQfpGg9RafNkxdC","nateBZg7oHVPLB2samBLkKvfzedU3ALZBexMFPMKjn1",106720884
"nebu15XQKGpxzhhckADBX9PgvGN5qk9RRJCFLKc118w","nebu1WnZBrFZz5X7sfPWuEqyb8LBSsrXpxaesnK9CRE",154412511
"noMiSMNpN3iGeX3WdF5M2KQdFUQt2RYYpfJ4dN1Ni3k","noMiSdYbNQmFDrH2qMvYRXXzb5DUvjyPyDkXadzAPUV",4069372
"novaeuhY2JH2WHhc9KVTHDx2cyJZdXJC6faf4CtARZn","novaoLcuVHSudkW3Cphuhiv82vspN5qzinGCtEbwQxz",67597315
"nxts9SpchNGqWHRB3zmhskt434MCbUUwkeUcs6xX5oe","nxtHdSDmUZ8dWTC7KuPp8ZLxVVxhim4RCL4pmaQnLFA",4789517
"nymsHergYedT9CJMgtGMvqXUTGcbs5o3MiWTJUbqTGY","nymsndUdAZyUPpWYz5VEg8Ghj9cFvwTRgciLogpmYaQ",179440382
"odcvDWH5wHVKz9XtmGGxTj5ZsmawTjCCty3nyBKDGzS","odc2aCE7yWTcV8ApP1cHmVqQZTkLNduqaYyKE1XhpE3",47855679
"parayLyZvwnGjDT2pGqrVn8UDxmNcdNQCE8uPRWMeRz","ParaCzYN8KHz4B7xsSeEpmTyE5EBjpWifbpSfsDkiTq",32684992
"phz1CRbEsCtFCh2Ro5tjyu588VU1WPMwW9BJS9yFNn2","phz34EcgWRCT9otPzRS2JtSzVHxQJk4SovqJvV1TQk8",185917610
"pidrcoD3t88h8MzJU2EACHL8A6iMoQqwueXPA8KLwUS","Hoo2PaowEdA1owJ4t6uJFGdSbgyWV5qGYRtTVChHgw3x",2225013
"pineXRUnbaLNFMxaM3zBmFfTiKgQMGqT9jYHXZWq2Fw","pine9rHVDS1pjwdhYkx3vRyaAyRd5KPDKXZEXAqvxcX",33129407
"pitMDEaMmWmr7qP8HsNqarPQkd3jhZbLJibhhQnL5RG","BLX5PkLh7GsHaqCpLDxiW3UjxfT2GMyteVAhRZBYhCts",116600343
"pitch9cMruwjDtAnisNS4mwZUPhMsBztNEGu2weMg55","P1TCHYwYPsNaNUK6fGkZzwXPjnYAMYRnUUv4c1TREee",9050731
"popscoyTKVksa4TyTXw488b3vvFxM7qQEyTBeMQopKu","HLM6hyDWrEca9QMS92nDBa2AreU1qDkppttPVuJ7E2CU",121464389
"ppppoqHcHVzigV6SK4856BAsNxhTAi32hqQQWrziyHE","vvvvXsU6iG2enDVvs4KeVqS4YrZczTujSv5p3dSeNHx",57805085
"prt1st4RSxAt32ams4zsXCe1kavzmKeoR7eh1sdYRXW","prt1s9dMM15LdsUX9HugajzqPB5WVN8a2mw3frAiCfj",22406245
"puffinQSvKFriPbyE5atyx1ptfnyytovbzxybr1jsyy","PUFFiNkUHF2DMfbKeUcYTSQckDDtkswfxZCDv5WQqwp",171683878
"q1yPXLsYcJhzxhUYLewFDjYmsBh2gDFnYqrZ9VPshrk","FRqYRkp3tUoBc62pnabeX8SVr6p3v6HM2tzT2NVshrk",17195235
"qZMH9GWnnBkx7aM1h98iKSv2Lz5N78nwNSocAxDQrbP","6JfBwvcz5QUKQJ37BMKTLrf968DDJBtwoZLw19aHwFtQ",176566602
"radM7PKUpZwJ9bYPAJ7V8FXHeUmH1zim6iaXUKkftP9","radYEig9KGrMTMWbWRFV7LStotQbnLgPaEFHVDsudQz",260793421
"rapXHroUoGG3KvZ3qwjvGMdA7siWXwXpiNC1bYarvSC","rapxbkwBSSvtqRFrsY83f51oUuZNuVXci74MuzYhiCy",121291460
"s9bQfWdGJSTr8zHcFrDbuXpc2SgjS5jZvaor3t1shrk","Hcdhp5ovmEUEcyBZwv1DAZ5xz727fpZwujFaKCzshrk",12452629
"sCANXAaS1a7yB8jz3USvGNLfd8DSc9r7TNzNSKKPkfY","21oUQzzytWh6y3G3SQ7ehktMh1RrbsJNA4R5pAMNyyrG",2140947
"sTEAKPk59EtPPbixCweyv6oRLNCDEE8pnnef6gUfbiW","STeaKrJdxdPMww27XJsjRBfrzqfjFT1BxotgQtFyDgx",109828229
"sTEVErNNwF2qPnV6DuNPkWpEyCt4UU6k2Y3Hyn7WUFu","STevE9xVb1QfBHU4GgEn28r9oikAf5yxKJddF7fufwb",161887725
"sh4rk6QkkaHkYtn9TCNjTPmAk7yBHCNw35pp1KHo4UC","sh4rko7QjstESbderAwDEGitkXuuHdXLK4h8BQkr81i",70298376
"simpRo1FrQYGa1moicfgnPDp6KyE38d4gYrZzhjXYJb","Simpj3KyRQmpRkXuBvCQFS7DBBG6vqw93SkZb9UD1hp",263452483
"soLStaCk5TiGCpeLKa9Fvv6f5JQGMa6S3uhLh826e9N","soLStAckuvkHtNzHF1cwmeSRG1FzVxKxwsdWZ1yrHrz",21953942
"spcti6GQVvinbtHU9UAkbXhjTcBJaba1NVx4tmK4M5F","49DJjUX3cwFvaZD5rCAwubiz7qdRWDez9xmB381XdHru",182546563
"spur5CDwBvTZszvy1ozGjRc1x2TuDWo3VF4jrq7zgvD","spuraUaJeFZfdbgXpJhgqEHFAXatfrMArARXhXioxKd",73676715
"stacheBmGG5zMKuetUevAbc4m4dLbve1VPcpSur3voH","sTach38ebT8jnGH8i2D1g8NDAS6An19whVMnSSWPXt4",113849347
"te1ee9rGf369wxYQkuxkvuvMuTJ9cksgZySmNUF8rNY","te1exfYnykh2cFGCwGSLQu26Dpr8n2PozvBqH5Eoi3K",9267004
"tkmaiSoZ3F8MofkQBVWG6JYSCzyN6ioe7ReYXohx3WJ","TKMA1fBGq4M7gF2CNnhphX6vNateFc2cm2FL2mYwq7e",35099155
"uEhHSnCXvWgtgvVaYscPHjG13G3peMmngQQ2ghC54i3","5K8qgC9nHzKHSSyo9fKLsMfYmavYdMgEaYx86cMmVKVv",32411216
"ungM4fafkQg1e13MAzwzuvCxtTTiTZ4Xcq7KqnJRyVJ","HkK6U5e8HkTs5uE7VEWQ2H3NuznjLF1mpoRVjzdDgfF5",62005894
"uxqVAFQfox97HazsPtkKiwhypQH6jEGXkQBHDtXshrk","gGQb6ZcDG7fsVLWTvXZ1LLoY348tc1zcP2wkh8kshrk",27736553
"vALigXFg9wnnhVHN16vNxHxXtAXiBv5QjAE6udoniBY","gaToR246dheK1DGAMEqxMdBJZwU4qFyt7DzhSwAHFWF",156619706
"vE8K2TUzwD9NAiTcDjGx6rF8aqU7s3mYtvCmQjHshrk","13WYH5onYubA1gnKbnv222oNZ61pNfSXN5EYyvgGshrk",12235212
"vaoJKVZYPAsqc52T2nNQhABR1gU6Cy2koDKfCQaEiva","voEskim7SFWrPx1tV2PVisqyrJejxmDEARX11mtZ5vo",92736755
"vnd1Ps8w3fsi54qUMJxBhUWARES34Qw7JQXDZxvbysd","vnd1jskPHR2gfMtgTtq6xCwANrAiNbQTKgVBAJHnMke",42391536
"wetkjRRRDrSPAzHqfVHtFDbhNnejKm5UPfkHeccFCpo","wetwJSUHT5afX3gP49q75gkz8FcCfvsw2kuSQ1UjT9R",75585566
"zeroT6PTAEjipvZuACTh1mbGCqTHgA6i1ped9DcuidX","5BAi9YGCipHq4ZcXuen5vagRQqRTVTRszXNqBZC6uBPZ",186134535
