pubkey,votekey,dz_fee_lamports
12i8gndWWWMTRzJBFhnYkobNgZB3XMUUJq75HeUrshrk,Cw2b2ng2fa78ndCXHcJMT1pqvdGxUHu5EBEB8KBshrk,7563177
13DmVBcyrSdsSsLWaKH9x1dwxDf48Wu5wprwxMmLshrk,GLB3jUr5zuu79zFuEH3KP7boxtWsjHVyYRBK2SPshrk,42993800
1KXvrkPXwkGF6NK1zyzVuJqbXfpenPVPP6hoiK9bsK3,1KXz4xKV2viJCGpxqnQqdf2J45vQr5USdmtcJLTaHkm,192041799
1i1yPyh843bTfi5qPgqozTbDcEX65rUNEFcUT2KAs2i,1i1yax3thZfiV8id5HTA61bjsxEi4pbjmhXsqy6JePP,97046101
23SUe5fzmLws1M58AnGnvnUBRUKJmzCpnFQwv4M4b9Er,4PsiLMyoUQ7QRn1FFiFCvej4hsUTFzfvJnyN4bj1tmSN,266169158
2AKKnirWVZMhnzuwqpizw9SwfZjGpRFLx2zCCNtPWpbc,CHiaohVV2SQCFhiYP73iQzWT6HxnZqnAZJJqAYTeLAo,138603090
2Eq6YD8P8QXTeoz9h6JHjgZ55t8RSxNdx4waMDCoPmQU,C8MLmDCg3LReWoNCkFdHgsscFpHx2WdtcU9ZziNfXrhd,94628359
2Le6TjeEescF87qDA8Ftdz6U8Kq6SNVwoLJLhzBCHUr5,Fe5zMqkmoYbwnXH9RHjFy7YMRnak9so2bzPBroPJ4iiX,22197020
2N7v8pDKDYhtBUJBQUgxvysUjgM9s4ULPCmeEiPWTf6Z,F3scMRjzSvXUa7JoK2uwBjNsYGi5sM84sDzE7FfGBo6o,243328001
2P9ZYA4vBoBBr56hrEFTmrd5ctuz3r7wtvRYmbgk6jRL,FGtsnE1HB4bBi6g4xAt5mvWtuC3qBPWPBgWVrnRmUiVH,213738181
2Rv9npqdWE1mLPsT1r2obn3xtKmA5afkxt8GsWeLnKoc,BrRf2kyJEuW8TgdeDjvJcKK4NzTzRtM9RB6WuVKXHxkN,214391012
2UBhtRuyr9nvWsUnrbWrvJiYWEU8TVBD4PLYQJKiRa9H,Luna8BkZNpZ9DKmszrZYPvFpTr4eJJfxxTnGDwTrYkv,165405467
2Ue9zGmDnvYRrJNEjuAdNkbbickw6fKWtbeNM7T2rakg,6559KMdiUseNSAkRcK9WcFcNTppoj6jWtKVedpMkBYCn,30345900
2VKu11f8zc3huqDQUN6WJTFpX32PgHpXXjf72P6YvYMd,EUiPhYZ8NoWX5ZzDh2cRR1fAS4su9jjV3YE7veyactzd,150419710
2X7WoaXX9KPqNrNfvguhnwo3rjFPNsfw2t75fGjWRthz,BmMVRAVef2qmJ1tJpG3JwRUtnfEiTbvDw9ZeFEi4wE7D,111257977
2XmhZKHmfjku3T3nC9xKhgr5bm1CAmWXqNsNt49mo82C,Ebm1XKkMzaFg2L5rzLPBnFHMtpDPa6SWJ7nVUzZUmXmR,204264257
2abwQG3v2xRemFxRszVHSfnjJNe9zu5X8duKgxjyLeaK,EogKVYgic8LKAuV1kR9nRqJaS5zpwCvSMfqoehzmAMpK,50648972
2gDeeRa3mwPPtw1CMWPkEhRWo9v5izNBBfEXanr8uibX,3Xn3K5zeTzs4sURj1PCRaF6rvFg2hPgT49B4SiM998f7,278135237
2icWF7TvxyycF7d1NHpMZYuJJqiRy2h7wmjFSbqUij1B,CzGLRXJXoDo9q86MpphPVNNsTgAxHvZfUfAiouWDH89M,109721344
2kVZVTY8FMRZ3WuHzyqNz8qd4Ytbba9f9DaesUm5WLvR,4FsAxdHQ6HmFrDD7yCwsKNApuA67QYSCMoLAy3NfySxJ,355319720
2m1A2WM1vte7RWz5xTTw4i1SiXmngVtXhqFERaUjoAAb,8wTSPukwTAzNzEYyUdc8UiKkTg1hNtZ1xLum7o1Ne6wr,2909956719
2nhGaJvR17TeytzJVajPfABHQcAwinKoCG8F69gRdQot,mNyQrNRYAuL2CwNCGmCsmwj9EcG88Sf8hs5rCirZaUr,60542829
2t53LvZfskcpXkdwLaBnfZLbNgyVHPu2BNFpcRBaEBhM,Gvt8s5Bwnhg4G27VbnT1Zkfh7Jsztq6CNvZcc5anPonS,230143311
2uxEHizFmmnLekKG2LZJwxNabhpymEYfdVCpgDxjt87m,Dcoj98wWiKhA4iqxcSg7NtuR2miA7tZqtycMdkPo8XDw,102930413
2zykwzzo1pd3H2oSj5j5SRLTvmpa9Nr2S2Bh8tTVd5Tq,Hmq1oALENff8DejgYhJxB4njb6pyCtuMKKxotdZicB4n,112337984
3B2mGaZoFwzAnWCoZ4EAKdps4FbYbDKQ48jo8u1XWynU,edu1fZt5i82cFm6ujUoyXLMdujWxZyWYC8fkydWHRNT,255889450
3BeharBd3j4sKQp7Qze27JLQLd9AEEwGTX9TC7dXYSNw,CP6mfD4Qc5AYrboXBAQeHMYj5x1UnYksDXRjG7DMkHH7,97963860
3C2cXXVHCm2w2EWnHUNxhtZCB2EMv2AeJ4TpW5ws18fi,HjQugFHAUm7XbaZhmjnGioNUccdMUnFmwFTJgepm5q3n,364137974
3CKKAoVi94EnfX8QcVxEmk8CAvZTc6nAYzXp1WkSUofX,4MU64AyHBkRBUAYgAm91sP5vFgzUUgFHuS82CVhE8Q2Q,95259570
3DaPk6TdeGnEBwTR8fEyZSLkdayk6vZXrqGZhAgYK8BV,2ZiMfQaT59j86HVWCvspuMtBotnVBeTc3BKk3kKpwgKP,128851706
3Pfubj3ytkRxFAGwFb5vtacuZJUxko5Du39xie9MBXuC,94EhHE7MaKHq4p8oFADeyizDjwYwgFn1YBYGky8mR35z,121535203
3RXKQBRv7xKTQeNdLSPhCiD4QcUfxEQ12rtgUkMf5LnS,BxFf75Vtzro2Hy3coFHKxFMZo5au8W7J8BmLC3gCMotU,468141722
3Rv6ZVGUuRczP76322LyhTTYw2iM4avV4B5xFJocQJer,GaxxAn5335dA4U3772MCFeqdyqCVEfmsQTQ47YXfC2Xi,240969406
3V2xaccDpFib4DbTksdiveNDmiwpXBqSWyjSof3w1Bg7,34yvUa2fxfm2tUqxFEj9PHrVNwCcdzd51eo9hntWpZRs,158282669
3s97yjq2MhoPVPC3U9VeE3Z5S643Pweovg88ysvrQPw5,D3QPJm7BDzzPeRG51YZSEz3LfV7GvFNu9NkcibzURxuj,299592403
3tm92VTxwyZ5MDhGoYR4tVTkwWYkzfam6hwBjauUACCk,4m1PbxzwLdUnEwog3T9UKxgjktgriHgE1CfAhMqDw7Xx,191020655
3x9nibnhgBHWKMRiGnsXJELRBjviQpKyigfrXtKW27KJ,5afRnmkFn1pRU9oussqwk1RRBVyoDgUkL16Jz4qNf574,165249468
49j9bnkdgVNxLwsZ9h88sPR5MYEmsUyKrrJ6ZW8ijBrb,9QFvZhLvpbcFJTPkKq5wTWR2DGTXqrsP8z9igPgjSsZ1,81529261
4GEEKSwuiBHWTff9WaqrDcToZjbX6KYdyB4c578Zxse2,4GEEKSwzc242QKF1uzzodpFaxb4GShQEZhkZfeXd27Vi,54037704
4SgoyAwN26iu9Gpf12Bk1rnzp4G4yDUM3XVv4w7VQcAf,sdo2QoiSsPknraeCts5GeBkV3AYDdtuxJ3VpYCS1CxR,130569617
4W3jdXyqhLCjzA3Liu8ZNjViwrc6N9YjSB7obbxfjcKE,3hhEWRNAVzqRjmF9hW5nYkrmDMxKKzGziE11Sg7yk3iX,201408170
4XspXDcJy3DWZsVdaXrt8pE1xhcLpXDKkhj9XyjmWWNy,9sWYTuuR4s12Q4SuSfo5CfWaFggQwA6Z8pf8dWowN5rk,441022746
4YGgmwyqztpJeAi3pzHQ4Gf9cWrMHCjZaWeWoCK6zz6X,8jxSHbS4qAnh5yueFp4D9ABXubKqMwXqF3HtdzQGuphp,57706442
4aRPyjsqqFsf5488a9QAaHJLQJMGwoL5P6wRtLmroe2d,8EVaZkBcoJAAyyRZfozNAnZiEopgPvnixx5Ja5PpVDae,167088774
4b1onMDEasBh4BuPekQWijx3BYR64hAE1z2jJyeZUkck,6anBvYWGwkkZPAaPF6BmzF6LUPfP2HFVhQUAWckKH9LZ,180314622
4k6wgP5WPBKQpsFGtzuXNrjcTE2fKWLj17nDvFeG5zSF,8zuMRTXThoPTTPLLvaiKiJshLLCqGMt9BdRjjCL19xBc,421571120
4mtXJ5pUcMMB4t8cLbi7zfDJCHfYLRrQb4qSLmh57sKL,94qeNkhspb7DjuqNPcGUgVcnnsNuibGYuqNTvm9FnX9m,942791809
4mzLWNgBX67zVwTykNnq96Z6KQLc8UyV5Q35EfVCDifC,8inoRcYLtHdDL1qHWvGph7pkJKuJdrE2kNkFpjcYaYHf,36093036
4uH4G6YiD5G8rU3mtPg73C2Uqamrqedy3FboTZcZrh6x,EJHf5N9is5spAF5Kz384tTvTV3CwTka6qzUoZrYm53SV,204085314
4vXCtYfPeracuQg3a67Zx4jvtJco6MU3LKip8ax6GkVq,EPrq1DvsWqX9CHBKgMU7gxvNvPbqRLhbqz2QzHcPFzab,0
4vdWYn2KbmQ3Dns5wVBfz4CFQDds4b7CpsC8MHBhHAib,DvFTFLrEQSfEadPQdesvf5bpYWYqXK9iaJAjq95piQBs,97241972
5HCTsoKM7vwjubSZSyVWChaHQ9sNNRB1d2SuvL3eZ6Y6,33JxTD3GkHU8zePNVNjJwEM9BFChWtzPdGFMwL4Ar6X7,27374999
5HYjArGt81naevDdwMaEx8yeGNw9jYBSDJa8YavT9Mp4,4ibf8qJirtoBGg7gSD7V7CeCKoFB96PBYQ3J5QjSmAob,295359159
5LNEDitSMhApT2uFnmtN7FmjCiGuatpnb2uU4f3shrk,ksQuu3JAStVXUeDCHeW6QtVRHNMcdtgPyepUd3Yshrk,19047761
5N9r2ne7dPgHtzeHC5ETJ3DAueKQiXSU8KAmEZrrojT7,H7fXvnLCKtZqJBTipxeseabGfAZUdHJ9XuP6hCKrbvUb,81338170
5XKJwdKB2Hs7pkEXzifAysjSk6q7Rt6k5KfHwmAMPtoQ,GMpKrAwQ9oa4sJqEYQezLr8Z2TUAU72tXD4iMyfoJjbh,160008079
5aD6KB8g4MPt3xJafmMmun86hHMDnoFiGbd5gYiMFZw7,QWmexgr4teHa2ZF85tyf2hvEwBvJ6ioAEr1h8DRjoie,267284252
5ghoFEVrsXeAPB6SUmBpZ2xq3KvHEjNMeSaBnxEBXkHV,J6KaKtLRj7eQGuVVL2CAz1AS9kDxsrmej9QbYkEtsiAD,74476386
5ivRNcK1yThcK3koZR1oikAfuNm6rj1LceMskayoVSzc,GiJj4MFyM4sCQ1aYQRQA9tqwtZFoaBdSxgNitWjHc2o9,242858197
5marvipGzf98hxnoJFXsZbGHSXcEQ3yRGJ4ps7D3V4ou,i6PZjkPHGYmPfPE8LsJuLn5huZyusXhmysiDiHGPjxb,179337409
5t4shVsKnUqgjmhK3fFNsvyju2E6Rd7cc4S5pmqqEVEW,sT34kbaqmHWbPwjhyeG1GnjoX82KpXawFsnzUkzJpYX,38393735
5ysfTZ42VT1TjnjzQShZSrix7wdVtjXwssocSeYKDs5d,ExYX8UKQTCf2VPtV9jbfqikeTV6tPfhzauJ896o91wtj,57155879
5zm9g3zgAPWzX3wmUB2JtTkcwCqe74NWsTmt5wLFwCKK,4udPrmxccbP1NwDJ6vChFKs5qcqyjmQff6gsKXD1mdaj,284578754
5zuNci3TV79w6zLoJZzbZujMvkVZb2FcSPhgv9aT24AK,76DafWkJ6pGK2hoD41HjrM4xTBhfKqrDYDazv13n5ir1,247362163
61QB1Evn9E3noQtpJm4auFYyHSXS5FPgqKtPgwJJfEQk,5iZ5PQPy5Z9XDnkfoWPi6nvUgtxWnRFwZ36WaftPuaVM,320573530
6M53yM6dsE6hiaHgxWvYa4fsfzQTGyAZn7rM6JrzbqJV,DierScgiTrz5AM7mddeJLHYNvafym3XhjjdM51AnKevU,414584379
6MiEjXqYksCtKnJpvAp3CAoEZnnWZyoSxu41HCzAYNdc,GAoCBDE9ABRYmhWUREDp4po4L8JgCPeQsPS77p1mx3WR,530012655
6NDen7aDi65apHo8m1Vea4nuS6LyjQeM6pDNqcW4Q5Pg,6cvBCfFXugkTqgSFVPvzhoWaLbhHWvZfSsZadWP5rryR,209850380
6PvHaibtZhuba14dzbhGFJRASYX3Ka2oviRzSbXV2wYC,HM5H6FAYWEMcm9PCXFbbiUFfFVLTN9UGy9AqmMQjdMRA,446385432
6Rk694kh1QTyQkirdb1uDZmS5xqG9bNaYtxx8d311Mr7,AnodeNCzJGQ7QwheFqJr6EknKGa72m6XHiLtDQiXcmEc,131487890
6WgdYhhGE53WrZ7ywJA15hBVkw7CRbQ8yDBBTwmBtAHN,6aow5rTURdbhbeMDrFrbP2GR5vZjMEhktEy87iH1VGPs,2367876324
6YDWxPaJWpZxJ6JLGaBeTJaGQn3gi3Pwtivii9cDyDHo,EdkhvJYa3kWQkFJAPzmGsQyi1D2JA5a7vwWw4hDuwbt,26615653
6c6RrC9TWNgiVXnbZ6hehNuhyh81pZK1yAj5w2nXZTwi,5eJQDSbgTZSEmH3zSWDEdAKgjavUUn9BkouCFNLz1x93,171712565
6dtVKjb6vRwNAekki2FXhKv8WTNzQ3xW6HWMCNWqtoDy,eondcw2upjH14EuvBzmn6HfGEGo8t9hG9JbXtPj6cym,16333819
6gL3uHvuUjaPp9mTBf2VZ4tpKiYhbWyPrAPboGByzEHd,8mu3JHHF1Qkcrbqjo6KWxyWvTxarZjqptJTokR2jrDFo,97494994
6gnbmed7kzwQVQ7ghsjgEuCoYmGeWciV2qCwni6WS6HU,DTwEEF6VSrmTBYkDcj3BKAc52qhvP8CEQUEAMMT1cG3,163658738
6k1YkmTKwPRUhChnxA9ryJmbtuQMbro4xFTL6mL9jycB,91413b9eEvG6UofpSgwdUgH9Lz4QBF1G3J325Bw7JwGR,203829864
6qwYjs5vCSEKaTMBbHinnW8fvdGj1r8cpzPoAV1EHKsw,Azc2uttGtHsRLorfQzd7tsMNtfaEg7LyvVEMVtckPCNN,75930354
6xFDLX751L7H9d5fQT9sf2SM5RWWE9LDgqz25pPDbWoJ,5CBkJdDPMWCmss3Y48B36w78Bgxur4mDib6tQ9yMKe1B,103340973
6xUK9Nbonr4eoJNtHGoUEMmYKoPz5mipKzyDBv6deX4d,8vyuJTHSDkx7k1zymea4TMsgvixf3rCYBXHPDQajePkE,106193768
6yFGGAgYpBxgYPuHW4rv7hJmhKrUiXKyHkpVGaYtKrwE,9jYFwBfbjYmvasFbJyES9apLJDTkwtbgSDRWanHEvcRw,852440895
73hojLdq1vZDSxeVQEqVFJ4iwLngdvEJPEpEHkSdv6BZ,Ehdn9LdjTAURQSMoDPERXLehtvzy7QD762wwPkzGT7RS,185929621
7CR6whiYULVf1Knj4J5PxUS37opdk8UAx2WnDzBQKiVe,2ve7kgjvaDZhMPq2nXhvGLno8sPJ8BAEdCvza384PyC8,6291176
7Hp1e6BrTBkbBN4wFiNmycPVPsjvyUUBL2tGhYEMT6gt,CwSZ17woioM2bqEbaswZJYvx5pemN6t3shBcU6zqPHyG,85421030
7MTjmteQHhthwwTZhUzsc2dP4NBvGNRqj8jzdqNxHFGE,ENVaKoD7ytn58xJ8s5htFfQ8hqQt1G9dcPUDqbSwVcgB,244814601
7Nn8qBJey7vXtVFMNBbbuN8UkujU8Y6nWzbHVGuf49yV,6SF5cmEXFFEmnFd5BwM4J6NkZhh3WfPkgmqdoAGjLLPX,671265906
7Nu9ckgtjobZ3MkbadGFKEvRymYuah9HmcxiUJKMM9NB,DPhzpiNGU9C6576uLsNSHmdi2AxwxpjMsRdh2iVC4TPh,127860393
7PpXQgDb9eCHN1Uudgi77Wm89cRz4T85YgDw83qvaJXd,B8Jud6Mqv1FSKpjBM2hPBqoPhGMAciX2UqR9WcepDF7F,89510544
7VZM7YHcX73TpGoXDeBu61g4QKC86GwAEnew8dA7Y2xn,HMk1qny4fvMnajErxjXG5kT89JKV4cx1PKa9zhQBF9ib,141087239
7knvB4bbqHCKuNp3ef2hJWdwqoH6WAUi55NQt6LdRfkx,D4mLBafAJjpRABT5Tyj6UhuwJ8DLRk74JzyuTMUdU9Fz,117585706
7nzTzRZzezmugqE5ZjHRMxarhXunpwZ2PUdjV7uYzt7A,so1arJJbp9sis5XpovLyjTZPk8bDjfs37Meghi5wXbu,101316706
7tqeaFKsg2K9xKnQWe61w71AtCZVMQvG4hbFAiFAngYw,4CjWMmjGtRAZH6unY8EAzDYHWKUoPKqkZoFNrgxSGnyc,884954879
82vucuWCTTQEz6nYe3VetnL3pJYBrfDF2gDAjec9sPUy,DLKjd8DJc9NajCaHPeQL6BnhPi3a4BZm7zCdVF3MzDRZ,11102812
84gC25fbFKYueR9WEfreUysk1n3ZFxLFDDjbyqeqGpoW,FpTQXdt7NjYsJWXaE9UgG2yPUshoFiW3nzXbXKz1CjKh,1258817805
8AkVj5aAtJ27tYXeq89cnSf68V43NarFHMx2iSDjZv7c,CV7uvPY1Hk5Avb2NvkGJoUzGnipZrEZK27j5rQJoUae9,240283362
8GLRbAstsabZuZUx73AoyfGi1FRCWSUhRgMugFyofEz7,7PmWxxiTneGteGxEYvzj5pGDVMQ4nuN9DfUypEXmaA8o,255407395
8Nvaxzif1NrdvxNkRetjT8xJvd33EHkKVrfL8EDkgaNy,2DNGsVZ9rg6RvT8bY4SGmGvyiVJ4xt9RL3NDd6uhfN46,283660835
8Rf7hLczBzGb71rmEjw3h9tTcxGijDiDHL651H9SfSFa,8cuBK2vJeqfukvSJQ2vaGDEBSnBoVD16L74SuHdnKjs8,22820944
8T8AJfUCXwPFwEMmjca8gCRSktPrqbUBVa6ggNyhLhFJ,DPsW8v7gkGUbPPRnraS5e163bDepd9tD537X9S231T2j,240407404
8ZQg3K1V1Z2BVJkjmnxpi43WKhjPGXphzu5QmBkJibSP,7qTwituXJJ5dtUwBZXjMNgtAyXJbx3X8V4B9gXFRjK9d,294150010
8aPHvzVV91jZF948tykkoF6WfgLHppNfG8Z3V4gCrDix,7zKQnt19j7aZ1YjzBk6UUUdr5dGb65A36kW1TYAbB6b7,88603091
8augxYLUge2iWmitQMwbcBL5VQEpsM6aJdRofhwpnzyw,o27rnqfNHPwHsRp2xPXXwWzn2q2dGxn6UD4Rt5KMU5h,60832103
8hAYbagNt7CMBooFfqVJhBgLqLffpjXTWJMk8yybjJsN,74y2qkCaJ5L17hTsz3E8jftNxTBCTvdz4P2L6qTHDW59,331282356
8n4pc4sCJtBeLfJdGyJn6EcZuhtfTiepRa9ExdJFdmEN,FnAPJkzf19s87sm24Qhv6bHZMZvZ43gjNUBRgjwXpD4v,255815818
8uPW9msN75rfaKiwy8y8NxEX5zSk2WejtVv5YhZr3jCo,5daP6pZoPSak6UEKuRg2HHjvTPpqqwB113oNamGNKuuZ,234847986
8vk6QpG93JSaQCSgnycBsv5qmfQBk4qC9FjNA35E5JhU,2ZP7DPXW6gwMRSY9PSXQ75fZLrk4gKWKnT85pK5sVPa5,395158443
8yjHdsCgx3bp2zEwGiWSMgwpFaCSzfYAHT1vk7KJBqhN,DPmsofVJ1UMRZADgwYAHotJnazMwohHzRHSoomL6Qcao,243318108
91oPXTs2oq8VvJpQ5TnvXakFGnnJSpEB6HFWDtSctwMt,Ac1beBKixfNdrTAac7GRaTsJTxLyvgGvJjvy4qQfvyfc,187496973
97jbhVBYcSmwGXjrx5PPWXucDsVBqwyoQ6rzP3B6eeMt,57GUg9QH2LFMV11oaduuoqVJ5qHDEp7EGJ2xgkGiqAum,154948588
9FXD1NXrK6xFU8i4gLAgjj2iMEWTqJhSuQN8tQuDfm2e,2g2QU1NDRax6i2mKzRwgRfdBFoDkMC6bj7Zp5Q3i8sCq,136014113
9T6SNsBimjCRJpkEjiVsc8AcxTBa1XVA7RjnBGGfWP23,5cYwwC8dmQ2tvtjDueHrU2B6NvmTHmoimsNGeGXVbkP8,296820247
9USijQaAfSzw6gWbHNq68VVigmj3HvffDJYhbK4tfquB,773eL4qyoHUi6s3pWWEWTnaYXELNs4nY5deMevpSF5YE,98136304
9Wmaz9VPpEnH67ZqrvYd9bcH66DtsGaEKcSQE1ac5wkf,3Z1N2Fkfha4ThNiRwN8RnU6U8dkFJ92DH2TFyLWJf8cj,225710282
9dH6wfdJVgnDcbCUjT8rkmejAzTnGQaFarmLfvBYXANK,GakAanHMN4dYY8rMKL1e6uUKjNJj2nN2sENFaxzdMEBm,80445460
9gFxqsXbFyrKXUkqpAatonn47uYZ7sEZSnMxhzQoXrUJ,48oxpSHQkM4sdXUY9NQ8KnEtebzZbyk8uUT7JRdVQNuf,306498520
9maF99FLLAMh5v5JKG1ZyRZVBVsT5VkZnAJzDvduCpJa,HvuXZAhAqSekCFueQ92DqxhuFvdBRrWeyA6uea6ZaS8q,93218915
9pBHfuE19q7PRbupJf8CZAMwv6RHjasdyMN9U9du7Nx2,FCvNkHa4U3yh7AXWGGL2jWLWiSRouR8EtzY5WVTHKTHa,103226675
9q16BB7WGmBxf1nJTdxH5zPnBUhtHqdqXqRFjSjuM4k7,GK9MfwWEK7BvMS8eQDaiEPnKcqMJoS7SKUiEBQY2pfxC,796122069
9r2CsyjRTmTRtu8GFk5oJRSQr5YfSENxDkf3eox8iPLa,2iWXwF2Q5W6o7yntV2mkbxncB4rYHnX61y3NU8a8EFMJ,417596644
A23LfQn6khffj2hGhGfXr6P52W2pxrVcCaHVQLYQgiX2,53RJBy7aBGA7Aag6AryxEmBbsHDgwfBWagLrPbGHnfvR,240143034
A79u1awz7CqnxmNYEVtzWwSzup3eKPNW6w2Jrd56oZ3y,6UDU4Z9TTbYy8gcRKBd7RX3Lm2qMsSR4PMuzoyYPzLma,111468231
ABREU5YkQcfpDZymoQ97iGUgQcfgjctWUUxEMfumiPdV,ABREUtpzkkMiPHrBebpsYDU3mubtSohjDKZbyRoTJLae,33030121
ACTGYsH7bHbaSP7z9N86oLPHBThAELbGfTboc1VoFeZz,DMPhNJFSvi34NmfcqR4B5rdKgDYY3kZbXpdXJBL4cJ1q,25515028
ACvL73V4GNnxPVfZ7K89jCrYurLyzpEuE9qirjvh2Xmi,HCvnhbT3Sn5RsueDisWzzn5FkW8tAqoQK1dr7cvAVzin,783339405
ADjyeNzWd8yhEjCVyAqT87eqoyGRbimERQsNhFQcXjop,26RGqX3mezgYDxJnGh94gnMM4L2k9grH1eWcTSCHnaxR,220140790
ALp2GdA1eJV8vZHMHazCtTxNXe3BLUSco9LDASgjDs8R,4tuMshQNpAFpy1YtEHnSsE5EPN1mAT8FevWvn2UPJHNM,436919076
AWcCdYG7Dy6GX45c6QMPbgGwgRZPKcBDT4bXGb3QrVRV,G2W5QfMSBYXT5NNWEG8jSN9ZMqvVoaon3DMHMQ3BV7Bj,2493024140
AdSHK6vpQnwHRSw7jXUwjMEytmhFwnynZSENhvpAxL1y,9NZ18GkTnXZug6eXAzpBsmyCsYfAJ7mL9bgUfSJDSAKr,44223881
AfZTWYoFQbzqCMmUBTD7XwxFvjob1FVyCvkaXRryxtKc,86Sw9R6ynPmXnHfwUWinXtq1QoF2KHesfQQyZG5r8sXo,115950492
AiBEt9kE8yZ4CnaLfTCGMp7Fg2wCtqhPTfvJ8D3zrLfu,H9p8zGs56CnL4b7RrbwQ6htc6V4K8PUtKvqH2m7hYAtL,112882492
AjGby82yXeYgj3kmng9y3c4nQpZFmiPpJKecLJTHbfbP,6D9w8FRw5EFr5qtZEphPpughN3W8zc8p6zMXg4PFuaXL,112903427
AmjX7CerZbHrU814UeBp2gJC7gANNG3KrP4c3RyD7TSD,FzUNgBRnVxawDytN9GM7BFwxFfekuMs7BcAGybn4AmMk,148649961
ArMBx6veRq33ffEP9sxHafiPRgrtzww4XvbwZbSMfXiM,GW8GgoeBpLM4TpeR2ePVcYYSoySBaKJgt2JiwoyjXRz3,244787298
AsMpvJ3DZ2Ydu1WTRMAyMH4QjSLiUG39rKzfzvtE1bWr,B1w6SZcyvjyp6zEyStcc8u9AxXAh2AbYvNzMmP9rRKE9,211204700
Av8EnYrPBnSJHK5e2wmTdnCpSy7nzmBgyFaUKSyLnBfe,3QPGLackJy5LKctYYoPGmA4P8ncyE197jdxr1zP2ho8K,357713184
Awes4Tr6TX8JDzEhCZY2QVNimT6iD1zWHzf1vNyGvpLM,DumiCKHVqoCQKD8roLApzR5Fit8qGV5fVQsJV9sTZk4a,8851190147
BCS95L5JHBWHvWkcEJBEF3BH5QHxKcPeaTgoYmHLvfFh,Hx4UJCvf8amGeuW9fPFfTckRoznDHxPSYiU9HuUSZKLT,136801302
BFMufPp4wW276nFzB7FVHgtY8FTahzn53kxxJaNpPGu6,7K8DVxtNJGnMtUY1CQJT5jcs8sFGSZTDiG7kowvFpECh,116146760
BM2vE2QqkB9fGtC34WPtM8drbgta13SBkhRq6dRG9J4J,8r4Fu6M8brgnL456RJfwxk8kN4iw1LgczfuXeuG1g4px,44467064
BNtHBLo1L2vAG7PBQ6mJvWz7GqVPxBnioXsY2Gjtubrg,ErvMUdtMC7AX55zKdYSyy4DnWNCrTsWn5GwprSG7ocnx,284127014
BPKAfGkkzF5u1QRjjB1nWYYbPMUCMPJe1xZPmwEMNMCT,9Gko8QZBbV5SrEvHKtQHcMrGGSfgFP3KJUozEGifu25x,175095874
BR1aTt4ZZUCwWJDkSYf1hqkYJjo7Mb7Ar8iVTkeSwUB8,AbacusTT3yhEFEKkQKjGStDhKDnvSFGpg9EqBwz8FnDF,205233581
BSGMRbK97DcgLe4u4kfNQnmTVZGVnwdtKQBJqWRBTZxU,BSGMtRHy9qvsPbUKtT8yqd7nNqn2urTcSMVUgzj9zJVd,165044215
BSMe78Jk1BfeJDdHQj1aXVjrT2aMAYidyNAGQsTshrk,T6bpj6H6fr9GyKe73DcNjPbGeSk8twDsiNcU4srshrk,58288912
BeRtYZnaaZLFwYQRPaZcxuuHBmyFBSGP32C8Ls5xnrZP,BeRtYZ7SVQozwTby6ajQzrHtKYkn4qoKyRfb3NDAedtA,52182882
BeaCHioStqCEFDFxKwAEzyrUPYxqnBPhJ98gDKeEiTPb,BeachiopjxQxL7CaHNSZsynApiZCKx9QFVtcWNz3jDBo,793194691
BiU1DNow77wGwSXW1bLmkcQe2cuySpkbz7xtbitD9Fmk,BiUSTKzDM57pkf52SqxqckEk4ap7d25y2GB4GLXxdgj7,123057633
BoNKmNCGvoHS4CkKvYRnF21iEpUP827pZjhFGdA4t5as,BoNKvwirX136zCjcnayEM4W82vn13RKkjm1Sy3UPBdim,417585684
Bs19Z9SokV1s46jutN9tqqaCgYf1GsVyyytVfkzwn9qK,5frYQSynysBe1akCVK9tNBJ5j8jgBgUsjAXAgqHxvykJ,375400793
BuoZ7q6faiJNTN24r7Kcj8dp96axs5XPEKXmWGsh2pDE,GFWtwTkSkgc9RcAUkUxs7LyZ124DsBtcSnWGWwbrA113,192929713
By8MseMKtZQQaQjMHJiyetmc5AC8RZZv8C2ss33ktrHt,H1kyn75BFTXr8QRmToRRvuEEmYan5n6M5APyfhMLau3b,141715294
C1ocKDYMCm2ooWptMMnpd5VEB2Nx4UMJgRuYofysyzcA,AS3nKBQfKs8fJ8ncyHrdvo4FDT6S8HMRhD75JjCcyr1t,1784204464
C4bgengueVA9cRcprjutgu9XgvgoaaFnCqvpZaPy27xx,7DCb5VuNx9XFqsaEgERyb5mwwRunDNtLRudCEoqhcz6N,66773877
CARBN9PY1Qej1aCg4885pfoYH8EHfjWuMy59pVa48ky,CarbnAxSfvsBdp6otKtoUa8XmUaX9PcsGq6R2WqZMuw2,8375671
CBUGET5PnvLc3HvEeFYj64iTvdKhYV6pujTPDdDh785K,GuxBSrv5jnSwwPepkqnmkM7YCBSakKanbnw4BKMdda4j,48388054
CG4tRANBKrzUmpv93V5sgftjQznBdiJsc2yPCzZWWuS9,8hPk5CbKDoM7dN9LssTdVkFhDykeq7A8CZurA5AQSFJH,2309385665
CLsFr1KZVbAyz16iFpwg2e4hiekR1unpwyxfNdjBMaoE,9bb63m29Xy1KiWqijLs3f8adTE4KcSmVkt1qPxGkbkna,193180005
CMPSSdrTnRQBiBGTyFpdCc3VMNuLWYWaSkE8Zh5z6gbd,EARNynHRWg6GfyJCmrrizcZxARB3HVzcaasvNa8kBS72,1569374378
CTDGxTK789ZvhgyHZHtSnxTtysbyY1mrywXEJiYYqXxC,CTDGxxJBrZVqUUHdHopLn4k4gtc2PCpcM9TB7ZEC4Hu2,370633237
CTwsruptUccEtZGNxBDbuusHYxkBX3P6ndrxVjSG213y,Fhks5gukimP6vxKYbRY4V1aw888EgHhpdDSscD9V6bub,177639908
CVgwMrWo9chKEuEPCe6Za9KJe8jamnAcoeWzaMeNubr6,F1wBgGku883aGGCQYMQFR4PmdJ7faej3qKSk8xGCycP7,152403428
CZanBzZHFzrGY5qKzaX3CNhJ5smHEMTWFFnoeUi4J6dr,GzjMbJQDVuBLFY69QwhhjDGDy2o5Q6nswXMuVTCWEFnp,72214657
CaveyttUBTKttncu1e4RF814XjuoGfYv8cEsiKGDNCPX,CooLbbZy5Xmdt7DiHPQ3ss2uRXawnTXXVgpMS8E8jDzr,1434031941
Certusm1sa411sMpV9FPqU5dXAYhmmhygvxJ23S6hJ24,CertusDeBmqN8ZawdkxK5kFGMwBXdudvWHYwtNgNhvLu,534924462
ChB6C6dmNujAi79XtQLPKLL5SWdNLMShA7KKnrMMFF52,kWEiSEQZMeLAbMUiz1njRTZEjuSpJDCgVynB6pJHpcr,0
CiR8HNCfkjtcongPmP2DRdZPnFgjSbN5gsXdjmsXXHcB,7JZTyHRTmzHfmHH89uT9xKSKDVJ1VnNQ1FeTeM4iH3J2,237419642
CpNnGGhgVATJAbzHUXdrcGfpPiGuZyPka4QUmH7YgavX,4qvFxnUXYjBdcviCwVV7gKcGJMCENEBfS82hSLJUhyvu,102530955
Crg1X8FftV44NmwfFvgREjanBQmyyS7NEu6duLU7Cyy6,323d4ZiSqS1PwGwpJwD88jNPaGqkm7YYW2tJt2T8iFzo,250701305
CtvdyHYt8cMuGVHFarV2RADfoCdnrbd8e9jAsB225uMW,FLCrbfbwEhFARa8nK9rnZw8BVtKNAuHujh9EhWy5A4U4,356078596
CtzN7ysR5rX69qd168Aosbuc83mPozhi81bEHbG7ecNP,CtzNnqzSLwNtkzi2yEWvq4w3GYQ5gSpCagqFZ5TbdSKb,103985628
Cu9Ls6dsTL6cxFHZdStHwVSh1uy2ynXz8qPJMS5FRq86,5iJDEVRi1nMLwKAWhYbEokZnvBAe15rgFaHGkggVEP9z,554851278
D2RV1q6FgePVVjrMa7AMzVbvvAeg5oS7TAV7qdNKSDsX,CCxSNvJogH6LWyoiEbG7JfcWybw2FqqCExs5GuemChGr,308881492
D3htsc6iRQJLqCNWcC2xcZgUuvcd1JT8zoYNqraNcTQz,3xjfK9C9YNcta8MvK1US4sQ3bc6DEjoJoR3qLExGf9xE,280844200
D8kuk3qEiVBGwYkuMGKfBDwuRi6jjRkzjAZg45fdaRLx,7X7oVv6K6wawMNzVriczSAEk18GzqyrYrvqyJbwLAY3s,535617516
D8xKNftHzFcCekENuTEcFC1eoL9y8wNHEg4Q5z57KK4e,4269foF8CYyT8SynFSYHiKFzHva5YL6PoAQj9pH3mQmh,86056158
DB7DNWMVQASMFxcjkwdr4w4eg3NmfjWTk2rqFMMbrPLA,oRAnGeU5h8h2UkvbfnE5cjXnnAa4rBoaxmS4kbFymSe,905313602
DCKyEmMENQMtLXgbmUoHRmgP9XdJ9HsR5WxrKnSDCzKA,DCKYVqFDwUs5m2DhW9muK2EX86pootvWD8wXA4nSqDxU,141925625
DCdTPyDbXNHrmdv4ZyPPzEfY4mPAqH4hDPtowAteoNgv,DSzLJLUQD55sxaCsJBHLFSV1SYngMmT7oY8rLpFhyGgb,178958161
DEgenZMznWXvg5YHaZM75arVTauV453SeXX1UrxcGNup,DEgenL35vQWg3pE8rvY2vJ2SrmpMsXMecu4PmvJcCCJv,41344983
DKSy9mQn63487j7oXHxqmykLEYUA3akTHm1QNPgDLGN8,9Q1cWVFNc4UgU7dyFy29mUyeDnNZWSDaJKYVAR5jLpaK,44038362
DTELykegBxxEn9c15GbH1zbYFr9CFd8VHQnhTGfz5JLb,DTELA4aHtJB8zcMJvKgcUjAYfkGcKdRUN77cpFoMVgxz,48432445
DWvDTSh3qfn88UoQTEKRV2JnLt5jtJAVoiCo3ivtMwXP,FKsC411dik9ktS6xPADxs4Fk2SCENvAiuccQHLAPndvk,4145199341
DZVqmD4QqSWM2gUyEXdQhvt4u3NZtCRxdsn2n2nNiBRL,DZViGjfD4um4GQaNEE1h8tmWtMpgCW6qcvPBuHCyLwRX,1534962606
DZv25oNCWFvGXu9tH63BiAXvG94syweGZhbvdN3HxDxT,DZVSbEJQfAFftodtveLseuzc1Beqm239usKJhx9TiBRL,1562142620
DeXsDvvZzKhVux4YfDFE6p4acJLGzr8yKt5pSTjzZB8t,H6rbcwuQtadcv9JvxLM7GEskF6xFXnrNT3iPkk4RfyBE,225971542
DeepM3FDWaAb7o53rvyZk5YvHLG3FvDiVXJLRY78z51p,DeEpSdaw8uBLQ5T2HQhDf8fBSVbm13jGqJwoSF3HTpL5,89185082
DefiihS7gLkj6xLjjhcr87bFuwpVVNYpeNBaBeFe56CY,Defi89YpAhk3Gst1Jpsi3Nhj7yCu5HropESh37SQ2v9g,49256802
DiveRaPKviyDnQyiiMFdV4rujsCBJzMNvPjKfvGNLGvL,6hcGvZypizjf6PPsxboshZHRqefyQKSG9L8vZqYdm7UY,193612837
DrifTrN923QaouP89UxkQzFGbumKPCnfkNYQRwmZxatz,DriFTm3wM9ugxhCA1K3wVQMSdC4Dv4LNmyZMmZiuHRpp,2649874870
DtY5Bzxd75iWQRvKwM2xLUxqwLT1RRoeNwmVvgS2JANA,BSRRvjdKd8SHApi3KtTGbzrdhUojitiwAt4xt4nAxbFh,67468701
DtdSSG8ZJRZVv5Jx7K1MeWp7Zxcu19GD5wQRGRpQ9uMF,CvSb7wdQAFpHuSpTYTJnX5SYH4hCfQ9VuGnqrKaKwycB,9516541058
DupN8puwoPdFo9EYm8AXemEn9cMsore1QmZzfPaxyUG4,B48pw5uXH7gkCibuCBPE6nezKsCmYfFFwveCeMHpq4iv,4301643
E99w1XfS4UNM1xUKXWEuDmj8Mduy7u65jm2NCULTspSV,EfnywDKqArxK6N6FS9ctsuzNdxfx3pzfXEQE5EevQ1SV,152973292
E9hD3ikumJx1GVswDjnpCt6Uu4WG5mz1PDWCqdE5uhmo,3a2onvgTpGynakAQwx6gigtSeL7itZewNxqb5JiAvWeA,56795549
EATpCzQNs8BzZh1mx1hXMAJm3o1MLXakTXr4UEmcsY7f,EATzgj3KL3NAkaSKv8JFXPJahGueMbvTdVZj4zD9nQiV,22827997
EAW9vxqogvdPNapq7QTDpiVTHK6o7begUhPVnf854VTc,DyDjFYB6i51FMHQvB4eKSwGHmgMxVf1i3FWwANAngqyY,79329848
ECZx4Dfyn2o55KTYbM9r3Dt4VZRcrdfdrst7sUbWgrdU,3VZHxnkK1A3HYeWYaqgMebHnc2acgLzRiXYwTNm3ooYM,188831512
ELE1xBTfmHB7vuhSH94q23r6j3tuvTXYTqgm1u4uzMLk,ELE2xaC6i6pmeu7bfrYjBv4whBeTAbgwcg5hf2ythiBs,38255936
EN5F2BU5juUEWr9zRNNqKuQMi9zBUY1YLPHV5EyMrvnW,9ymU1ayh9mZVyDL4dUUtXKtX1wCaFNzZPGutLJgqzuC1,164971087
EPFZFVrXuveEQar9LaEkt5kDRPMnbvK54qu5FwCxpkcy,1oH9rfyrbKoP7ucJ1Zr2HLHmDU8N6G1G6dEuruFsSqy,75756169
ES1M3tMZ4rMTJ3apE75cHfeGWizDTrMMXy2zKtWkd38R,4RcSXeQbgG1v27M27PNNLhy9PGB6uaJACXUZ3kBVc4kF,65381492
ETcW7iuVraMKLMJayNCCsr9bLvKrJPDczy1CMVMPmXTc,C616NHpqpaiYpqVAv619QL73vEqKJs1mjsJLtAuCzMX6,123054287
EUDis6LJeJzDHTEBgfHGQyjHp63XZkGkx4E69xunC2Ej,steakxfubt37xYdvuXz7BV5Uhhhk1FyJx9zGHfDcTVr,178938200
EWARp8Syq8cTWGWHtP5LT9fKAn5GvXfSCH8LfAwpgQ6m,4BVYjw1ztUzUPsxsaCheWWwThT2X4rjogZytGnuWPUGg,107643676
EXckihF3qmguH5znjhfzLvHsbk2E3nEW2DqNh4MMnDMm,CMPxjQDTDyXKh3ZsKP7HLwi3tvgSVpFtLJYMxbeNZE68,1945764330
Ed9WjPnZfAXsPttcqxMwj94qsuXVRyBsyXnDkxFva2Zv,4YykTGwg94GgHZEPSsQfbaMaEE9HHAHqSuXT65L6C6wf,313389701
Ee8dX3qtwrDRnxYK6NGQfmMeKT3Qpp2QZHpxiAiw23W9,5szskKdH8nfnUuHTvn9hnhH3Xuvo7RVmcDDvD5WD7yNh,994734852
EtoMApqP2h1vVm9XLTTp5HERNezm5btkqrdAGQ9fZRnp,7HhmcAGzjChFjG1qsN4Y9NPgDWfytXXVA7ZRBWE7eZc3,125296638
Ettghfhr2kQerqAyGUuifFtBX17QecRe2gwpUZTAbZuw,Ay5AcULBRJznGEEaGm2mWziRbefETRjdfZ1kwsoXS9u,38950457
EvnRmnMrd69kFdbLMxWkTn1icZ7DCceRhvmb2SJXqDo4,9QU2QSxhb24FUX3Tu2FpczXjpK3VYrvRudywSZaM29mF,9043643466
ExCHWgfeJyKRzpfryiQn4W6aYaWhbSAEnsoUnBGNqjWD,ExCHgw3CfdZTbsrDA2phe95jswV2bDr5oSJwyKJKzEdN,47635850
Ey3DkEVbfBxfWmkTsG7Hqj7jshYf5Zx9H8462Zjjkykf,GA2t11gJcmuZ4y7pShTzgYDkxVaJaVQJqkVUqojhPPsT,363657749
EydLxzdWfD434DDxZYXkTcajvK5VKH7p6CofEDCRUkJ4,7Eg46UwGgsufXdd9C9kF27UAyD2t4VdmCdVTtPFoqxCy,171674578
F3tdN8SoakjEPb743VY18YyKJWYHo6rojV3nkas5YJh8,EJ59wFK3qPrnsFFSpZ7jSwCnXe8hVQ12heXYUqry7Muc,97947331
FACb6bbTDRBHCK999V8ox8jga5JBnt1r3vvzmAYAMv2o,FACqsS19VScz8oo2YhdMg35EsAy6xsCZ9Y58eJXGv8QJ,253006764
FFevTkywysWf8PJvH4DZkEp4v9ks9HJPJhZWbhhJiYnr,5DutFKQ8qPmbjFEmp31QH9JDYJXvwh9pma8ap5Phxk6H,109898377
FGj2F187dqKfCQLfa4NvRPhiTeXwm8LZDCq4q4z5g6ai,6AAeoHYMUQfSdFGqubUmWVAasFkzJEq47oKpHNNTZxLN,238257411
FLVgaCPvSGFguumN9ao188izB4K4rxSWzkHneQMtkwQJ,5yHqB3NxovCEMUniQCboaPRMyyQ7kQQF4QqvC4vaz78z,46821345
FNTPSUuRpDoJx1hwFmB5ncNLLMX42aE83P4hsFYUfNRL,A9jRCzF4uxLVnVs8ihQECtZ5ZMbHUvoZusddxTQ1iRQc,71836824
FSVdqBzx5D4UsqBLnvmH5dFx2dCm1pTPAbQWJ1PYzTJ2,2EWi8L6xp62VgTqFo3LnhoSP5sL9CWqYxvK7UA63qK9x,110731558
Fd7btgySsrjuo25CJCj7oE7VPMyezDhnx7pZkj2v69Nk,CcaHc2L43ZWjwCHART3oZoJvHLAe9hzT2DJNUpBzoTN1,17116229345
FjYEr2UCeFzNfAKiFrbhG34Zv8LxbmfHYAFhAfc7SLQL,21wUViiyG1g47VZ39ZZsSkFX9nu6bkyfy6jryHGD2TUB,156818903
FphFJA451qptiGyCeCN3xvrDi8cApGAnyR5vw2KxxQ1q,5HScvYkTWL9iojhPv26xK7GqB7oBsj9A2qHCeNRFmdyG,63922317
FugJZepeGfh1Ruunhep19JC4F3Hr2FL3oKUMezoK8ajp,7emL18Bnve7wbYE9Az7vYJjikxN6YPU81igf6rVU5FN8,683485187
FwnWx7x99rGwLmipzz8ii15NqcHkKRo2oS1Y7j6LivgZ,9f7dqiYNBZbgPesAnLeWnKCtxYHSfMg5x1EMZCJwVwG7,242742367
Fy7RCjDdFLG8wLn7TBKbccaKwYX1FetdSoVDREdUHf5o,4Q1khZnsdtNyQjUCpYPBDYyogui8b9x1MWtKNdaPiJdv,19989434
FyrwfMaomErzqrFUXMjCJ7mA4u81DsiDdrzC3MJD6d4j,1Dadio3JRvpEjY6iSmXmhbGy9RiU8Nxh2GmoVbNusbE,534003427
G1bLKfyNm7zsmmYEL9dyxBvMtxpFcwy2s84bHDj2ZFUY,xBLpiTwufjcuFCjbk4aCmFy7HUY5D9xy8L1EX2rBwmC,541616558
G1eAmANVWf6ZeoxG4aMbS1APauyEDHqLxHFytzk5hZqN,G1EAMrJcvzs5SwqAQRgDTjYBEGrxxJVwNS7qiUtB3akg,49995444
G4GT8z4AKWNoy3x6nuzxW83UfFXLXzrwn7DZQt4GvWdU,77i1Ryv5bLp45yNeJCwCU28f37fGYspvRtGbNyxsD6Qe,188076254
GGX3BEoZDqjxcw4AbCdu62ZTMrkpSgmPt81oP2mVuZNS,Cat8oWQiFfrR3c7BcceTYcpnYCzSWfCPjMXT7mfHXvEP,362823566
GK2YYwmQk58xA2k2SeugY3i334SJVViqTT8sT5wim3Dk,3jkJVgfz1zrHSy6YLK6g96eTj49kCnDj2i8AbbKLZhkk,110390891
GLAMiBuunBioazKwNbkGnWP6BM2sfVjehr4goPPGBFAC,GLAMvLYFVzzgXPEjwdTKFqXShckYvFaF3Z1r81Pr8UtW,9864137
GQiWnDYrzHMALWG9avt5FCu1wisAQHjGY5ve7GMBiPEe,5XGMWvqZSBk1fktPtxbwaMF5dhkbrtchpwd4xiXG9q8u,278460445
GREEDkgav1ox1jYyd9Anv6exLqKV2vYnxMw5prGwmNKc,GREEDkpTvpKzcGvBu9qd36yk6BfjTWPShB67gLWuixMv,878087197
GWJyUxzcVwRRtpLuLiu1mpiUQsZ4onYFAYfCjQnuLmz5,9KgZYnDzHhQANoJ43Z8czkgXYdTjtWLRrH9nDf42gqa,182873293
GiYSnFRrXrmkJMC54A1j3K4xT6ZMfx1NSThEe5X2WpDe,DfpdmTsSCBPxCDwZwgBMfjjV8mF8xHkGRcXP8dJBVmrq,86461708
GoeW4aFK4dGoekJySgUynWDxBZiQJqm8GDAF4H53tDK9,Ak5BJzQe2R8qFuyYmaAFPjXuD7XPux3ZNTv52D7rfiqR,4500393544
GqDCbnafLmKkdqiqf278jDLXqjjZMB2sViZQtR82jPUf,4KfAqBj3Jvi9GGngFK1MbZkjHTcSFyvhFnVwc2QrNiEh,82441620
GvfaiJUhNCRZGVGumsEF1eHDb8JpAeFAyHSrTifyhrbt,6oscGUEkXE8fyWoC4czRKbM1cuLkJNtgRsX1Un6w88Vf,149811391
HEL1USMZKAL2odpNBj2oCjffnFGaYwmbGmyewGv1e2TU,he1iusunGwqrNtafDtLdhsUQDFvo13z9sUa36PauBtk,19142390290
HMWXfjaeSHhww1wvdBhqhHVP9v96mFB4LJ9xP2MXbDGH,FwLsjPJdnSiuCvs1NXyR1cV6Sw5GRE6Lj2s1gZ9NNTmv,141975124
HVXXmNKkmDZbZwj74iL2Y9Wu4SyrchBoxAfFYVAktLrG,644K33yWfSzc32VvY5fRUfUqphw8LTaLQntCkyEpJ8h7,165238617
HW4zorvt6xDwhU36RqjcWNwU8YMj9tiqnAafBKW4cqV,4jEHuQZTNTRYAhxRYEjV3HJ1b4wqdQjnBRdPzFWzkCft,184011112
Ha1iade1AH3B12K9SccfWoPdFtQKKQsj2ZyWwxcjqJJU,Ha1VoTEPWFQp1wZjbQhBNXJftuHvimu1ruzF3xKYRPDQ,1229401878
HrWYa5vKZrcDbQWE39SGYwyzYcbsmXfBiHJGxpasymm,nfGcSJkP35SkPa5475iBChmq1UNcj7JE1uQHrrasymm,31122449
HwN6eoEe9N3kwHi66hpQDBMFPk6ASQGthWKPX5MZmisp,HwcVgFSgmfeeF7zGFUBLoVA8Hpx8rtwyfCrJ1npBaSVC,123610976
J6etcxDdYjPHrtyvDXrbCkx3q9W1UjMj1vy1jBFPJEbK,8Pep3GmYiijRALqrMKpez92cxvF4YPTzoZg83uXh14pW,6262863957
JC7bH7HSZoDhwggBXtRF31cVt71WiizY2J6YDDQfG5er,6hkfqeNAbURk7CmAQsP4Qm6WwHVF4LxHupEvQf7Tkrf1,309208619
JD549HsbJHeEKKUrKgg4Fj2iyv2RGjsV7NTZjZUrHybB,3JD3jMmnR6g88qff2WZ3cMHJRjJMUk9yVZtmYTYeFrXf,10501500269
JupmVLmA8RoyTUbTMMuTtoPWHEiNQobxgTeGTrPNkzT,CatzoSMUkTRidT5DwBxAC2pEtnwMBTpkCepHkFgZDiqb,14209751888
KAW1LjxH73tRBd1XsaqsRsgeERFkg4WpdXUSqR4QjkW,kawiL1oKtakS5xXsmeWKV9ubUJPtdgBrRU9EgHGDADf,16337694
KAoSp3EudGqUBXv46tQoDwbZxSm3iXa9wM2aF4ySbJJ,kaosFcskhYZCQidKKmkUSQLAqwpz3vtPpyyZ67N5NwA,27533919
KTMkUG8WCw9FdH44jLMBpc1teGafnYL6SgP4fHHbsNM,EpicsoqLdDP8qRn3wQRKTSKAXbjK9dUgFfNPRQS77MQD,93371558
KoLibrJsbABbtmtFPc7nPvDxT81rc4UPM7mY9xSLjpo,34mSDco9FM8599y4QF1GJvyWUrPixeT3zRNZAvzNXF6x,191009719
LA1NEzryoih6CQW3gwQqJQffK2mKgnXcjSQZSRpM3wc,GE6atKoWiQ2pt3zL7N13pjNHjdLVys8LinG8qeJLcAiL,892914038
LFGGGJtnBLvq78DyMz1gTeedM6f8owck76qHThDABBC,fVotEjqpmpQYgyVyBCwYm62BKqqTQNE6SpYnRmdBazH,59730243
Lake8NXDThihebhxS3Js7mFnj9fthmus93zEdsFNrsL,LAKEuKJQYVFpf4vyjX7iuf9ajHo3k9FiyewYKf6VxPV,301091293
LiFiDJwJjW98MB8wxcnXpafKYsuz1hwpUkuszkERiX6,LiFiDDUsf6GCRHwkHzW4YnR1QErj99MAU9diwb8TvWk,39211108
LimeA3gMLb2SjxrKbP7NsWk1UwTZrw4B6Ctc9dmVU6E,LimeNKYH66uR9BwnrPtxPbpqmkambxHVcutGoSaWPiq,41889246
LitxAVo3RnYXD2sX1TyRJxfnKy48amXgyGiysPZjZwE,D7WodK26tETSqyWBW35vvMGfige9afLEyTsm1Pvvropd,78104814
LodeuWMHPiPj2PUHUyca2bkpFv9HyzR3gaDBmGJ9TSS,LodezVTbz3v5GK6oULfWNFfcs7D4rtMZQkmRjnh65gq,69517913
LunaowJnt875WWoqDkhHhE93SNYHa6tfFNVn1rqc57c,LunaFpQkZsZVJL2P2BUqNDJqyVYqrw9buQnjQtMLXdK,102238252
MBVyz9s72WSfUmbr1S8fgHjDJQkPs1Q4Wxi6A2Mees9,3vwstewNgWAwN2uyuJduoZVVhmiwvAbwCxrjeJG6bASy,303519886
MCFmmmXdzTKjBEoMggi8JGFJmd856uYSowuH2sCU5kx,2het6nBRLq9LLZER8fqUEk7j5pbLxq2mVGqSse2nS3tf,200013944
MagiCBYNPD9iTBXqiFybAFCREQzG6MSM4LmFLXQZxuV,magiCChVWbehZ1e3XqQfLh164yUfQ8LnRWgSP9i4oFp,300081411
MicoB9cA9R6jsicdhzWFjwd9HMkV8FA4o3WxYU6Z2yz,MicobSZgB9CZNvmnFSYbEtMjy7CUui5o6P3XoGTwZC5,9871277
MutT1jxCXbRWJXpXoJK259gLrNfzDezdxS3BSkQAmv1,6H9J5xtcqGwh2hd2GpBHfvrnDicWk8GtvpnypH7piktA,582168666
N43JWBg42ZoUFMkHsRUVbP7wGVdxaHKanqaF9BBNiFC,vanFfAkyFXFnj6TpmVwet6pJBnS4nBWNcJiE5GEsZ4K,170263415
NATsUSZGohWw8xtLdxG4yus21UCkaes4FLfM2eqKbRk,fuyugZxM5S4NyV3ZYoc6ebs3fmRTrZ3X27MKCFvHpVD,93293703
NLMSHTjmSiRxGJPs3uaqtsFBC2dTGYwK41U18Nmw5kH,H4QVPxS7napq3NEYxqLhxbKi9nJ8s56dD2EQZGsyZ3sb,70320612
PAWsME7oYbjt5TRNc11mBa33JhKnQr9AYherdr9YAZ6,3ZUQekqiZoybB57y49eqtvSaoonqDwuNbeqEGwN88JkQ,221386400
PRGNnb8DxVcP2WjSHfVRGgc8SkA5u6dbMwoTVV1BGKN,VotESBSkLKU8vebS6wTR2rzWWJsLc6YThYS6tebPxXq,206256228
PUmpKiNnSVAZ3w4KaFX6jKSjXUNHFShGkXbERo54xjb,DsiG71AvUHUEo9rMMHqM9NAWQ6ptguRAHyot6wGzLJjx,1316658990
Pid6HQnMCFb9izqX9i7X6ePdUPieGmjHoPxC1Jfooix,PineDoC593nrX16W8ZLWfF5Evb6otv7fRfZMLjPAHe3,114402866
R2D2imoV8nXk1ngT9v4dEK65We4uLNyUarTBdWbFruq,R2D2vs3bJwpNF2ejaB6UW1JdCZ5VstuAmuwxDuUUWNj,61206370
RBFiUqjYuy4mupzZaU96ctXJBy23sRBRsL3KivDAsFM,RBFvvcGPBpgkBYmJGsphoDQJD8sszSuorM7TorWm12Y,858437198
RNXnAJV1DeBt6Lytjz4wYzvS3d6bhsfidS5Np4ovwZz,RNXpSdqrJL6eoLrbW69Q9qsFviEwRpfFfk3HiRRRohq,790842431
RoYFUUD7QD9aQ34UCMcwfye8dC5YvJeXz2J3mmoy5S4,2ayMCC4aizr8RGg5ptXYqu8uoxW1whNek1hE1zaAd58z,102255587
RoYLttggWwa2st3KAGEjnPhsq4NPD5QwaNVyyR8pTz4,roYL9AoyuGae7uEAErzZhPSSxnLLZU4TNx8wmwCk77r,209132720
SENDa18d6LsC1f85AJXXMncBxQyFQKSJWZ1jaop5K87,sENda1ZL5hoQUMpWbvRpReEfkrM4F35g9GBXPpYaZ9v,12279194
SFundNVpuWk89g211WKUZGkuu4BsKSp7PbnmRsPZLos,SFund7s2YPS7iCu7W2TobbuQEpVEAv9ZU7zHKiN1Gow,375658726
SLAY6uN1zZpXBTfbuDDCesNmM5D288xrz8uYvfS3n41,SLaYv7tCwetrFGbPCRnqpHswG5qqKino78EYpbGF7xY,567944442
SLNDCSGTEsA6KHpgR32MBt9UAurZnVSJGUtW2tRpdU2,SLNDoinxE7cCgE5ga6FJZ19F4FiUaEmtzSatbY6cjWy,212670611
SP9K2c8Z1aaQaqdQgC6hZMJ5UCTTnE76XNYVse7H94b,SP2JKHyxhs8eMQUi1wrJEcganVJoMhPe1hygowsusaP,86320889
SQDS9iwyWvT2mQbSZzuNKGoxuBug5jRHouF6SuMRBkA,SQDSVTDfE5HqL7D6RjZk1vvZhaheWoskrDdDHCki68w,146556285
STPTshazcjH6cZMHzQBrggFSPHXYCTRGB7ctqS1AjkH,STPTPuWoyKzbWawom5DBndxkeRFAjW4PzJ2EjL1qeMW,62637589
SWnetabTLirPWqEK1V1T7HkVLC5vGvfjEsb89wiqrGh,SWnetzxKaKtuysePKKAzdPAk3gqWgPYxg31vet69Xnz,172802976
SaGAgdkowooXBrHihpmE8gsjf1dUG7n5SqnyJxYFnXJ,sagasJDjjAHND4hien3bbo5xXkzCT5Ss6nKjyUJ45aw,111366860
SoLiDJGk4WkdinyLiRWjkFbgLUhjL3idGJK8H1rUWqH,SoLiDDVm88uWUMk2rQpG7B9wC55a6xveYEz3JnS6tzC,50623371
SscQkTYV2BFQYGGffAmTzvefrFrw6z9GNYiWHstVZ77,sShosKd6uA5c1ZpVMxdsE6do13TLRWSMYsXbSMmNC77,193373749
Stakex4B2tpDHPWGvV1dninfiaYCGdakgTknpzPitLh,StakeyJXE1yJbEApBVswHN4JdZXcj7V5MHbzffa4dFp,181411857
THWsLPufeq9LWs2H9vYPbtFwdxAHbQHvSbT6pztG8x1,THWfRpcJSC7oDrNMSCcixTZmCHVBTEVQL4qnd1UTD1x,267538773
TopjgY7N1fJdnW89S9fX6t7LF61nspgXGL1NpgAKhDG,5DnWqsJceNamPNNUpMnVr1XQ8anSxcj9TXRD5Rn52prJ,71527931
Tri1F8B6YtjkBztGCwBNSLEZib1EAqMUEUM7dTT7ZG3,tri1cHBy47fPyhCvrCf6FnR7Mz6XdSoSBah2FsZVQeT,179767833
TxtxXzLTDQ9W4ya3xgwyaqVa6Tky6Yqhi5BLpPCc9tZ,TXTXAmsarrYrTobiCzq2r9NBqfChqRE8wEfJNsYZZ6F,595356008
U82KEYMnuCiZSQbvuCJTZ652HX9NQ63uNSnxyucshrk,c3wFuF1LCtsY5DGo7eBQCwLHhtZgAxNwNDrUCqashrk,65730903
UNrgBLmc8JT6A3dxXY9DWeHvDezt2DZQbhg1KPQfqEL,unRgBLTLNXdBmenHXNPAg3AMn3KWcV3Mk4eoZBmTrdk,16727625
VALiDcyCpujxjJAZDK2av2TpMAigpSodzj2ApqgR4e6,VALiDsfZKafvvQM5CMHhJd6PeVx9UpeDEC4Zk3WYikz,319354809
Va1idLRtYEtVFJFsvz8vtt1uCJgea4Q1zi2Rh3eraJh,Va1idkzkB6LEmVFmxWbWU8Ao9qehC62Tjmf68L3uYKj,633108976
WUNoB9YQXmXXRcJsjY1G8PfVag5aAfnyGmFd6YwJVwp,BDn3HiXMTym7ZQofWFxDb7ZGQX6GomQzJYKfytTAqd5g,150830296
XAqHfPFsqTfAJHBRHAcEECkMSykXjkUj2Rta16Qshrk,ySxF6XaSFSwU46iJbgyh2rAW5jagLbYULPtWvZCshrk,47259634
YE11a5nVJtUNqsojkphYuWc7StqBzbCeFH6BjhAAUEV,YE111yizdzBA7JQKMXjy9VSx1shKAczUbs3b3e6vKQH,60756063
YuRBAsy9Stw1u46A8dMp7WQVBFweLP1PKuYibzYAMmQ,9gANMngbGUmAaLXL1RC3JdiaLjRowJXNbzCTh53ht7mq,182991489
ZoD1XLMhxdMveAJL4x9oab4FhRKP5NThTnSCH19Tdjp,ZoDVQ5zCgFyVm2Y6vHhZ6boQEZNV6sMVnefev4M2Bes,137070940
adramSYKBv1yHoZTub4kepcmF5LybPxwyJcsz4fpfi7,adraBKLNY3DL3pg6SJRDYiMA8BsznaWpUdE42X41gbP,169071743
adre1Xia7ekGsEqNgHeFc7MYwkfzTQNeJgQmZ2agAKZ,adrePWHJJQNNuMfK3QrBKXDZZuRFPRjhovMMeSr3Drz,33358417
ana2y2YvQ3ZPMwm6qhnN3nJoUSiT3qx5Pvetkq9xcfY,4AUED4uj6nSTuANzaAUnGBPJQRmhpDYDwoWJNkoUUBBW,2982905904
anzaeL7Lsv71HW2mew8YcKGyGqL6qNn3xoNPRrejM73,49ufmzpErLmn7jAeP666i8nMdXhFuvzjCbQwf2oEMkN3,155117137
axy3tCRL3wmFMVG4c69rYurcf4fXhBo2RcuBj9ADnJ4,axyQeKp44XqUnvC1jVHoeuAJ3j8wVnGeWtddeAcNYcF,84107649
b1ueZK9bWTywN2587zsScyLTaH18wfRfN5W15XnkiqF,b1uei1YN8YVb3qHy2JitBx4Fq9nAatLQFcNbnk6Ex8p,64669700
bonkcbAQvHpYWxEG63E8ufTB1cxkkk9eAKaPdGePE88,bonkYyhB6oWHP6si4oTSXKnEQZTrrCyGZLMgt2VqgHP,240520919
bookoVmqw4QjVj5BbkFacouadx9M7816wyRkfM7A5Lo,bookLxG3LkSmt4htJ1x9zPw6E34RRMAi7sUn5mM3CNN,151240012
bxrAptB5ZpZBhoLedJpoGWY5hBjjt3zvVBr2323Rrq6,bXr9MyoUAaGusQZ4gaUPmSZByHAV7RRGr1FhCW5tFh8,251074900
c3rtoMCHSbFrLRTAdw4iRowKSn4BrDtvSPbuyJwkHwx,AuBB9st3RqhHBkzZgBSm6SVnHZNJQSHeBWCSkik4bzdA,113915325
chdvWr6T14nqGRFD37KY36dsvhkCtDaufW5rpu3AfHe,chdv8H9fPfk2zFqSVaxRjsEo2qEDmswbju3BVgAHPNb,143213039
chopskqnudaeCTENWzUjfFCBSLcxprqbdMoCAucAwfb,chopjqMvdGWRcrcuC1r8LmAzz9obXi1gSYPYM6zimWa,16844157
chrtyETASKQhsndRM9pr6qC3gAHG5MuRwCgXSNVqnJL,chrtyiAw8suFRvS7rTcfgcDyNu49bGPNZ2fjSPzNPFr,47945788
ciTyjzN9iyobidMycjyqRRM7vXAHXkFzH3m8vEr6cQj,CiTYUYPAPHdcri5yEfsmqVcs54J6j8X1QaiFLgYqMVe,165785626
dcntruDNP5SEcGV4RxnsqXFURdDZGT3DTQv68Q8H7Vu,dcntrKBwh8j5yL62Eg96Z5QjJWv3UXxMu4rqL82w6Cb,185156848
dmMwc4RazLHkvDZYrWAfbHQ6cViAvNa5szCJKaiun8S,dedxrPfNqPKBRmUyP9LDkaitpQzU6PD44jA6GP9Ndhk,214238106
dst2u7mXMyDvb14cSErRNA1mxH1d5VXbSXgZ3DKE9xH,dstqVmt3cDH43Ux2SeTY2Hza1eVW6pwGLwehWCLfuPd,119326001
dzBhD4wikyy7xqwiJvT49gdrKqWVjfs9M6cTssmRX8Y,dzufrE42PJjNNRBstdmunAdeDToDA3Cax6WDpFVj36Y,41774747
etherUisfbmZze6spQmtv3MD2VUCEfqJV1xjVcN6nbc,etherfVmEL2ymvdhjAm3FKGdrJECFaG3cZ3ktZvQ2yX,14737604
eyeYaqg9e2L6xw7YwsSLm27eWJfhLNAm6ETQm8TXNoK,eyeVhGmVEoPSWmQU2wP5WZmMihPBTCk7kMMm4VhuAKS,113877246
fdzip81euDS8jEZHx5H1mn27zGVMLzkgpQuzYRBfBYG,fdvtuDvWJZ89Z7TmeLjCwxgoLcmoEWNxruV48DvJtfm,899432979
fhsM2sxME8cHrrk3qvtMsRRDv5AoLFja7NjNnHeYZxe,FH9xcL7Fqkreq1wSkn2Vf7AfnMEyo2KK7QX32LTFndt6,31585610
fotby1ABxpei2EVH9uXJ6KbHYgPjbg4Sny9eRzQjtRN,4T799AaK9YT7zBtVqYZEnCY5ihUF5XaEYemwr5EnozoQ,12720047
gVALrRd3xq4D62KJNGDCpMMGz976w2x1Vo79mSNn4bh,gVot34jauJpexBL2YUSPBKsmZ4V2ffmDcRk4yfSEnx8,180946468
gotasRuLTuJNZDtLHmaDJpEUjCWZqkHcuwbLhkgCwCX,Gotas1PRPrkqqSNm1ZKcn8Tpx9qL8krSQzTZ5DPKzkFX,44757505
gridqZmeBcsUKT2Mv4M9YFHFN3tVLFb2TCtTcLD1cAd,gridZ5cMHjWGktAQt6o36NtF7XSv19nJBrW83zmo7BM,172839906
grptonHnt7YSmJokGK9TJJTBXDT8ca4LSWMHCCfzzPa,mnvkHm47ZmRKoSWuQZAfXLRiDPiKCq8PWkMWrp1Wwqe,648970602
hnhCMmnrmod4rcyc3QRKkLEC9XnPTvYJ2gBvjgFiV4o,hnhxfrndd827LET6jvnQV4aWqpS2EedaHcT4gj8ArSu,113320664
huinBRP3muBuqZLMW8ARjdn4mBnEmFFcxiBzrkQz553,G1juWDqojmp5CWDhgRqtXrtpAFw9xqhjmEQAKr9faf4V,46150983
hxMhrsuGPDmkLJ4mTxEjyeMST3VGhTiwJvS9XgHwePj,hxVjzDmta9TuN1gM981TRKnfwG2uZ9TQDGwSCs3uDow,132417278
hy1oMaD3ViyJ8i6w1xjP79zAWBBaRd1zWdTW8zYXnwu,hy1oJTV2kX9acsqpwk7hbteqXFw9VDbWvbxoamFEufW,569514788
hykfH9jUQqe2yqv3VqVAK5AmMYqrmMWmdwDcbfsm6My,HAYEKSWg2EY21k38St9X5yM7QMW6SunKDefs5SqYSFty,129846881
icex1C6pnZxznQWiHZZANjGU8nZ8kNquFnjyY7XXrXE,votem3UdGx5xWFbY9EFbyZ1X2pBuswfR5yd2oB3JAaj,97691388
idCE5k2BtTpwXdwAC7Var1enT9reut9fWECcxQP7LY7,Cer1umMkC6cvRGKKLP3QwxsdxsgxmC1EhqMhB1mqVvYZ,105701753
jagBNeXYncnn1hzwSq1JJ16XhWTgQ7DCFVqndSJZ6vT,jag77EXci8uf5uGmKE5izaYvxBCS5H9U2rxWYh8BUUf,199535910
jntr1vkzvSujfckGR6ANmFmirVoPBMNr5XJGKP5uDQA,jntrMCSkeNagaMM437fhZxLYbFJh6pvj68bQDZx2pXf,120285475
juigBT2qetpYpf1iwgjaiWTjryKkY3uUTVAnRFKkqY6,juicQdAnksqZ5Yb8NQwCLjLWhykvXGktxnQCDvMe6Nx,896240667
kREnNfJrPEHbrjSQDxmxZdGmN6hi7ewXZ3UZTURshrk,FH5SX1WUubW9nD1rweZMofCHGhEp8qUMx3PksLfshrk,61077501
kom1oNHyyt84XLGVfi5Jo1qkVkU5xG1sBxPG19rWknE,25quQGzrtcU224Kk7G5YDJ9oJXgYsiur8pZ7pAnCMhhV,91432299
kyzzzgRymGpePUsLyr48kQHt53kh5CSfRH1qfvz1xgj,kyvvvkDpDCtSxQMPhzRhmv14DgUBVEGGzn8Dnb8ircP,97744128
mALL2W6DUgDDtcyurC9v5YTF2CMMeuRwPBkf6tEoG3y,mALLoAbdQrgsnm7kWJyPrhcQcmxfT73t8DaqEkpZNd6,58308761
meshRrDTME9cL2FSQ9E56EncfkZ7vL8apwcCFsw3o6Y,mesh3Px7WMi7Dkxke4ZZBULoKHM6sp37wKtg4DwPqPY,99405014
mint13XHZSSxtgHuTSM9qPDEJSbWktpmpM4CZxeLB8f,mintrNtxN3PhAB45Pt41XqyKghTTpqcoBkQTZqh96iR,576923639
mrgn28BhocwdAUEenen3Sw2MR9cPKDpLkDvzDdR7DBD,mrgn2vsZ5EJ8YEfAMNPXmRux7th9cNfBasQ1JJvVwPn,248891169
mrgn4sJJu5GBa5wbKyjuASzhyCifvcedGoLtpKjB3Wf,mrgn4t2JabSgvGnrCaHXMvz8ocr4F52scsxJnkQMQsQ,530976374
mythxvB89eT3C1TKwwhsvdHfYq2aoCt2es8vLoDFYyk,mythxna3hpzXSbaseyR12vu5Vvym1HxS92eCgXLvY7w,96558800
nSGZ3tv2UhskkPqiB666yDVj7PTi9qKgDqvjHyw5JgM,AY271jdvcyo5VzBiWsMGLEjpZFFrarq8FDydJHLmYgCG,246688130
nateKhsYkrVc992UuTfAhEEFQqr2zQfpGg9RafNkxdC,nateBZg7oHVPLB2samBLkKvfzedU3ALZBexMFPMKjn1,137943203
noMiSMNpN3iGeX3WdF5M2KQdFUQt2RYYpfJ4dN1Ni3k,noMiSdYbNQmFDrH2qMvYRXXzb5DUvjyPyDkXadzAPUV,144792951
nodeEgRVkbYLAQePtMx2zCN7CGw7qRgzKMCBtjMfN1D,Node56Cr7y4Udym2vPt9DsRbWcBL29JivsGh2drpbKb,154103381
novaeuhY2JH2WHhc9KVTHDx2cyJZdXJC6faf4CtARZn,novaoLcuVHSudkW3Cphuhiv82vspN5qzinGCtEbwQxz,70633232
nymsHergYedT9CJMgtGMvqXUTGcbs5o3MiWTJUbqTGY,nymsndUdAZyUPpWYz5VEg8Ghj9cFvwTRgciLogpmYaQ,273357700
oPaLtitM6cwpFVzP2rDhLsJLdY2vcbuZiJJyD1TFUKs,oPaLTmyvoUhW26QCMwLA5JNUeBYy72PDpFoXQF8SeX4,1271207383
odcvDWH5wHVKz9XtmGGxTj5ZsmawTjCCty3nyBKDGzS,odc2aCE7yWTcV8ApP1cHmVqQZTkLNduqaYyKE1XhpE3,65821289
parayLyZvwnGjDT2pGqrVn8UDxmNcdNQCE8uPRWMeRz,ParaCzYN8KHz4B7xsSeEpmTyE5EBjpWifbpSfsDkiTq,67539558
peNgUgnzs1jGogUPW8SThXMvzNpzKSNf3om78xVPAYx,pENgUh4K9zNacyU3PXVE9KugW98XCqZsWpEvA8d8wzX,160040790
phz1CRbEsCtFCh2Ro5tjyu588VU1WPMwW9BJS9yFNn2,phz34EcgWRCT9otPzRS2JtSzVHxQJk4SovqJvV1TQk8,196612994
pineXRUnbaLNFMxaM3zBmFfTiKgQMGqT9jYHXZWq2Fw,pine9rHVDS1pjwdhYkx3vRyaAyRd5KPDKXZEXAqvxcX,108790190
pitMDEaMmWmr7qP8HsNqarPQkd3jhZbLJibhhQnL5RG,BLX5PkLh7GsHaqCpLDxiW3UjxfT2GMyteVAhRZBYhCts,104105802
pitch9cMruwjDtAnisNS4mwZUPhMsBztNEGu2weMg55,P1TCHYwYPsNaNUK6fGkZzwXPjnYAMYRnUUv4c1TREee,37495908
popscoyTKVksa4TyTXw488b3vvFxM7qQEyTBeMQopKu,HLM6hyDWrEca9QMS92nDBa2AreU1qDkppttPVuJ7E2CU,193393626
ppppoqHcHVzigV6SK4856BAsNxhTAi32hqQQWrziyHE,vvvvXsU6iG2enDVvs4KeVqS4YrZczTujSv5p3dSeNHx,60150861
prt1st4RSxAt32ams4zsXCe1kavzmKeoR7eh1sdYRXW,prt1s9dMM15LdsUX9HugajzqPB5WVN8a2mw3frAiCfj,48163112
puffinQSvKFriPbyE5atyx1ptfnyytovbzxybr1jsyy,PUFFiNkUHF2DMfbKeUcYTSQckDDtkswfxZCDv5WQqwp,228661080
q1yPXLsYcJhzxhUYLewFDjYmsBh2gDFnYqrZ9VPshrk,FRqYRkp3tUoBc62pnabeX8SVr6p3v6HM2tzT2NVshrk,28830777
qZMH9GWnnBkx7aM1h98iKSv2Lz5N78nwNSocAxDQrbP,6JfBwvcz5QUKQJ37BMKTLrf968DDJBtwoZLw19aHwFtQ,235494637
radM7PKUpZwJ9bYPAJ7V8FXHeUmH1zim6iaXUKkftP9,radYEig9KGrMTMWbWRFV7LStotQbnLgPaEFHVDsudQz,397153760
rapXHroUoGG3KvZ3qwjvGMdA7siWXwXpiNC1bYarvSC,rapxbkwBSSvtqRFrsY83f51oUuZNuVXci74MuzYhiCy,105504688
revtecFsGSRCdF29atQvchSXrjwBesA9vSisD4fyH5K,B1rsc6jv3RsFpkak8qvJN3PfGYSg9E3Uw1joaV1EoiFj,209132208
rubyWZkfnjG716rx69n2oCAhevVZaMRQunir9VQcY2E,RuBYsjLeJYtWXbabcxPbNcbbFXQvMLrJGutpcqVRomz,1639043911
sCANXAaS1a7yB8jz3USvGNLfd8DSc9r7TNzNSKKPkfY,21oUQzzytWh6y3G3SQ7ehktMh1RrbsJNA4R5pAMNyyrG,32571779
sTEAKPk59EtPPbixCweyv6oRLNCDEE8pnnef6gUfbiW,STeaKrJdxdPMww27XJsjRBfrzqfjFT1BxotgQtFyDgx,240425856
sTEVErNNwF2qPnV6DuNPkWpEyCt4UU6k2Y3Hyn7WUFu,STevE9xVb1QfBHU4GgEn28r9oikAf5yxKJddF7fufwb,91331381
sbidYi7fbif6qNsMpwBKvyF5DKcLCbjaegpADsKqNux,SBLZib4npE7svxFA7AsD3ytdQAfYNb39c8zsU82AA2E,514295426
sfvTq7ojrEc5WdXcHijz676eX1pc5MgoLxbkYSdRDAB,sfo5vA1fFdPRsvqd8qdePtTnK97Qj6Jj3GupEzmNPjJ,96948279
shftkxnsXmqAkmLgz9Mn7bNB5Fr6mKgFc58kFHfVikj,shft7Fry1js37Hm9wq4dfwcZSp2DyKszeWMvEpjYCQ1,3449122221
simpRo1FrQYGa1moicfgnPDp6KyE38d4gYrZzhjXYJb,Simpj3KyRQmpRkXuBvCQFS7DBBG6vqw93SkZb9UD1hp,174976381
soLStaCk5TiGCpeLKa9Fvv6f5JQGMa6S3uhLh826e9N,soLStAckuvkHtNzHF1cwmeSRG1FzVxKxwsdWZ1yrHrz,187247303
spcti6GQVvinbtHU9UAkbXhjTcBJaba1NVx4tmK4M5F,49DJjUX3cwFvaZD5rCAwubiz7qdRWDez9xmB381XdHru,261700624
spur5CDwBvTZszvy1ozGjRc1x2TuDWo3VF4jrq7zgvD,spuraUaJeFZfdbgXpJhgqEHFAXatfrMArARXhXioxKd,121377298
stacheBmGG5zMKuetUevAbc4m4dLbve1VPcpSur3voH,sTach38ebT8jnGH8i2D1g8NDAS6An19whVMnSSWPXt4,101173810
te1ee9rGf369wxYQkuxkvuvMuTJ9cksgZySmNUF8rNY,te1exfYnykh2cFGCwGSLQu26Dpr8n2PozvBqH5Eoi3K,48409141
tkmaiSoZ3F8MofkQBVWG6JYSCzyN6ioe7ReYXohx3WJ,TKMA1fBGq4M7gF2CNnhphX6vNateFc2cm2FL2mYwq7e,355312074
uEhHSnCXvWgtgvVaYscPHjG13G3peMmngQQ2ghC54i3,5K8qgC9nHzKHSSyo9fKLsMfYmavYdMgEaYx86cMmVKVv,131134338
uxqVAFQfox97HazsPtkKiwhypQH6jEGXkQBHDtXshrk,gGQb6ZcDG7fsVLWTvXZ1LLoY348tc1zcP2wkh8kshrk,67369570
vALigXFg9wnnhVHN16vNxHxXtAXiBv5QjAE6udoniBY,gaToR246dheK1DGAMEqxMdBJZwU4qFyt7DzhSwAHFWF,532433006
vahMVcSS3v6uwyFormV7FDAUbQSHwmy6vUedp1P7L42,vahVByZszdHguLa7U7GLz8UdUFN85mcwdkefiqVjtGt,139161716
vaoJKVZYPAsqc52T2nNQhABR1gU6Cy2koDKfCQaEiva,voEskim7SFWrPx1tV2PVisqyrJejxmDEARX11mtZ5vo,178097634
vnd1Ps8w3fsi54qUMJxBhUWARES34Qw7JQXDZxvbysd,vnd1jskPHR2gfMtgTtq6xCwANrAiNbQTKgVBAJHnMke,109828678
wetkjRRRDrSPAzHqfVHtFDbhNnejKm5UPfkHeccFCpo,wetwJSUHT5afX3gP49q75gkz8FcCfvsw2kuSQ1UjT9R,70517170
wifwUaAXgGXixi757cinR8RhAzNuuyKg8hh7mkCDPEc,wifYT9aQQoKdJtzoXtBwqzjDoAytdxwv7kVLUytWug7,138859621
xLabscif2DLnYg39rQThqi7A9E45L9qiysRZhmZ1ARE,xLabsqDpN9WHXEXSJXk1yhqh5H8BgcqiBP1CR6Mkjcb,79129454
zeroT6PTAEjipvZuACTh1mbGCqTHgA6i1ped9DcuidX,5BAi9YGCipHq4ZcXuen5vagRQqRTVTRszXNqBZC6uBPZ,197933274
